Protein1	Protein1_Accession	Residue1	Residue1_Number	Domain1_Name	Domain1_Accession	Protein2	Protein2_Accession	Residue2	Residue2_Number	Domain2_Name	Domain2_Accession
bem3	P32873	SER	602	Phox homology	IPR001683	cdc24	P11433	SER	221	Calponin homology domain	IPR001715
bem3	P32873	ASP	569	Phox homology	IPR001683	cdc24	P11433	LEU	204	Calponin homology domain	IPR001715
bem3	P32873	VAL	606	Phox homology	IPR001683	cdc24	P11433	TYR	200	Calponin homology domain	IPR001715
bem3	P32873	GLU	608	Phox homology	IPR001683	cdc24	P11433	TYR	200	Calponin homology domain	IPR001715
bem3	P32873	PRO	607	Phox homology	IPR001683	cdc24	P11433	ILE	220	Calponin homology domain	IPR001715
bem3	P32873	PRO	607	Phox homology	IPR001683	cdc24	P11433	LYS	196	Calponin homology domain	IPR001715
bem3	P32873	PRO	607	Phox homology	IPR001683	cdc24	P11433	TYR	200	Calponin homology domain	IPR001715
bem3	P32873	PRO	607	Phox homology	IPR001683	cdc24	P11433	LYS	197	Calponin homology domain	IPR001715
bem3	P32873	SER	605	Phox homology	IPR001683	cdc24	P11433	LYS	196	Calponin homology domain	IPR001715
bem3	P32873	PRO	607	Phox homology	IPR001683	cdc24	P11433	LYS	193	Calponin homology domain	IPR001715
bem3	P32873	PRO	571	Phox homology	IPR001683	cdc24	P11433	ILE	203	Calponin homology domain	IPR001715
bem3	P32873	ASP	569	Phox homology	IPR001683	cdc24	P11433	LYS	207	Calponin homology domain	IPR001715
bem3	P32873	SER	605	Phox homology	IPR001683	cdc24	P11433	SER	221	Calponin homology domain	IPR001715
