input_name	accession_protein	gene_names	sequence	length	mass	isoelectric_point	protein_abundance
Cdc42	P19073	CDC42	MQTLKCVVVGDGAVGKTCLLISYTTNQFPADYVPTVFDNYAVTVMIGDEPYTLGLFDTAGQEDYDRLRPLSYPSTDVFLVCFSVISPPSFENVKEKWFPEVHHHCPGVPCLVVGTQIDLRDDKVIIEKLQRQRLRPITSEQGSRLARELKAVKYVECSALTQRGLKNVFDEAIVAALEPPVIKKSKKCAIL	191	21323	6.3	8689.836812937
Cdc24	P11433	CDC24	MAIQTRFASGTSLSDLKPKPSATSISIPMQNVMNKPVTEQDSLFHICANIRKRLEVLPQLKPFLQLAYQSSEVLSERQSLLLSQKQHQELLKSNGANRDSSDLAPTLRSSSISTATSLMSMEGISYTNSNPSATPNMEDTLLTFSMGILPITMDCDPVTQLSQLFQQGAPLCILFNSVKPQFKLPVIASDDLKVCKKSIYDFILGCKKHFAFNDEELFTISDVFANSTSQLVKVLEVVETLMNSSPTIFPSKSKTQQIMNAENQHRHQPQQSSKKHNEYVKIIKEFVATERKYVHDLEILDKYRQQLLDSNLITSEELYMLFPNLGDAIDFQRRFLISLEINALVEPSKQRIGALFMHSKHFFKLYEPWSIGQNAAIEFLSSTLHKMRVDESQRFIINNKLELQSFLYKPVQRLCRYPLLVKELLAESSDDNNTKELEAALDISKNIARSINENQRRTENHQVVKKLYGRVVNWKGYRISKFGELLYFDKVFISTTNSSSEPEREFEVYLFEKIIILFSEVVTKKSASSLILKKKSSTSASISASNITDNNGSPHHSYHKRHSNSSSSNNIHLSSSSAAAIIHSSTNSSDNNSNNSSSSSLFKLSANEPKLDLRGRIMIMNLNQIIPQNNRSLNITWESIKEQGNFLLKFKNEETRDNWSSCLQQLIHDLKNEQFKARHHSSTSTTSSTAKSSSMMSPTTTMNTPNHHNSRQTHDSMASFSSSHMKRVSDVLPKRRTTSSSFESEIKSISENFKNSIPESSILFRISYNNNSNNTSSSEIFTLLVEKVWNFDDLIMAINSKISNTHNNNISPITKIKYQDEDGDFVVLGSDEDWNVAKEMLAENNEKFLNIRLY	854	96940	8.6	934.471664348764
Bem1	P29366	BEM1	MLKNFKLSKRDSNGSKGRITSADISTPSHDNGSVIKHIKTVPVRYLSSSSTPVKSQRDSSPKNRHNSKDITSPEKVIKAKYSYQAQTSKELSFMEGEFFYVSGDEKDWYKASNPSTGKEGVVPKTYFEVFDRTKPSSVNGSNSSSRKVTNDSLNMGSLYAIVLYDFKAEKADELTTYVGENLFICAHHNCEWFIAKPIGRLGGPGLVPVGFVSIIDIATGYATGNDVIEDIKSVNLPTVQEWKSNIARYKASNISLGSVEQQQQQSITKPQNKSAKLVDGELLVKASVESFGLEDEKYWFLVCCELSNGKTRQLKRYYQDFYDLQVQLLDAFPAEAGKLRDAGGQWSKRIMPYIPGPVPYVTNSITKKRKEDLNIYVADLVNLPDYISRSEMVHSLFVVLNNGFDREFERDENQNNIKTLQENDTATFATASQTSNFASTNQDNTLTGEDLKLNKKLSDLSLSGSKQAPAQSTSGLKTTKIKFYYKDDIFALMLKGDTTYKELRSKIAPRIDTDNFKLQTKLFDGSGEEIKTDSQVSNIIQAKLKISVHDI	551	61605	8.71	1036.56223403127
Rga2	Q06407	RGA2	MSADPINDQSSLCVRCNKSIASSQVYELESKKWHDQCFTCYKCDKKLNADSDFLVLDIGTLICYDCSDKCTNCGDKIDDTAIILPSSNEAYCSNCFRCCRCSNRIKNLKYAKTKRGLCCMDCHEKLLRKKQLLLENQTKNSSKEDFPIKLPERSVKRPLSPTRINGKSDVSTNNTAISKNLVSSNEDQQLTPQVLVSQERDESSLNDNNDNDNSKDREETSSHARTVSIDDILNSTLEHDSNSIEEQSLVDNEDYINKMGEDVTYRLLKPQRANRDSIVVKDPRIPNSNSNANRFFSIYDKEETDKDDTDNKENEIIVNTPRNSTDKITSPLNSPMAVQMNEEVEPPHGLALTLSEATKENNKSSQGIQTSTSKSMNHVSPITRTDTVEMKTSTSSSTLRLSDNGSFSRPQTADNLLPHKKVAPSPNKKLSRSFSLKSKNFVHNLKSKTSEMLDPKHPHHSTSIQESDTHSGWGVSSTHTNIRKSKAKKNPVSRGQSDSTIYNTLPQHGNFTVPEFNHKKAQSSLGSISKKQNSNDTATNRRINGSFTSSSSGHHIAMFRTPPLESGPLFKRPSLSSESAHHRSSSLQTSRSTNALLEDDSTKVDATDESATSLEKDFYFTELTLRKLKLDVRELEGTKKKLLQDVENLRLAKERLLNDVDNLTREKDKQSASSRESLEQKENIATSITVKSPSSNSDRKGSISNASPKPRFWKIFSSAKDHQVGDLESQQRSPNSSSGGTTNIAQKEISSPKLIRVHDELPSPGKVPLSPSPKRLDYTPDGSHLYGSSLQARCAYEKSTVPIIIRCCIDRIEKDDIGLNMEGLYRKSGSQTLVEEIENEFAQNNSLHSDTLSPKLNALLNQDIHAVASVLKRYLRKLPDPVLSFSIYDALIDLVRNNQLIERLPLNNDKFLDSPQKVTIYEMVLKSLLEIFKILPVEHQEVLKVLAAHIGKVRRCSERNLMNLHNLSLVFAPSLIHDFDGEKDIVDMKERNYIVEFILGNYRDIFKQA	1009	113291	8.06	331.734078653529
Bud1	P13856	RSR1	MRDYKLVVLGAGGVGKSCLTVQFVQGVYLDTYDPTIEDSYRKTIEIDNKVFDLEILDTAGIAQFTAMRELYIKSGMGFLLVYSVTDRQSLEELMELREQVLRIKDSDRVPMVLIGNKADLINERVISVEEGIEVSSKWGRVPFYETSALLRSNVDEVFVDLVRQIIRNEMESVAVKDARNQSQQFSKIESPSTRLPSSAKQDTKQSNNKQSSKGLYNKSSQGQAKVKQSTPVNEKHKPSHAVPKSGSSNRTGISATSQQKKKKKNASTCTIL	272	30391	9.22	1609.66005687438
Bud3	P25558	BUD3	MEKDLSSLYSEKKDKENDETLFNIKLSKSVVETTPLNGHSLFDDDKSLSDWTDNVFTQSVFYHGSDDLIWGKFFVCVYKSPNSNKLNAIIFDKLGTSCFESVDISSNSQYYPAIENLSPSDQESNVKKCIAVILLQRYPLLSPSDLSQILSNKSENCDYDPPYAGDLASSCQLITAVPPEDLGKRFFTSGLLQNRFVSSTLLDVIYENNESTIELNNRLVFHLGEQLEQLFNPVTEYSPEQTEYGYKAPEDELPTESDDDLVKAICNELLQLQTNFTFNLVEFLQKFLIALRVRVLNEEINGLSTTKLNRLFPPTIDEVTRINCIFLDSLKTAIPYGSLEVLKACSITIPYFYKAYTRHEAATKNFSKDIKLFIRHFSNVIPEREVYTEMKIESIIKGPQEKLLKLKLIIERLWKSKKWRPKNQEMAKKCYNNIIDVIDSFGKLDSPLHSYSTRVFTPSGKILTELAKCWPVELQYKWLKRRVVGVYDVVDLNDENKRNLLVIFSDYVVFINILEAESYYTSDGSNRPLISDILMNSLINEVPLPSKIPKLKVERHCYIDEVLVSILDKSTLRFDRLKGKDSFSMVCKLSSAFISSSSVADLITKARILEKDTAFHLFKASRSHFTLYSTAHELCAYDSEKIKSKFALFLNIPPSKEILEVNNLHLAFFARFCSNDGRDNIVILDVLTKHDDKHIEVTSDNIVFTIINQLAIEIPICFSSLNSSMAKDLLCVNENLIKNLEHQLEEVKHPSTDEHRAVNSKLSGASDFDATHEKKRSYGTITTFRSYTSDLKDSPSGDNSNVTKETKEILPVKPTKKSSKKPREIQKKTKTNASKAEHIEKKKPNKGKGFFGVLKNVFGSKSKSKPSPVQRVPKKISQRHPKSPVKKPMTSEKKSSPKRAVVSSPKIKKKSTSFSTKESQTAKSSLRAVEFKSDDLIGKPPDVGNGAHPQENTRISSVVRDTKYVSYNPSQPVTENTSNEKNVEPKADQSTKQDNISNFADVEVSASSYPEKLDAETDDQIIGKATNSSSVHGNKELPDLAEVTTANRVSTTSAGDQRIDTQSEFLRAADVENLSDDDEHRQNESRVFNDDLFGDFIPKHYRNKQENINSSSNLFPEGKVPQEKGVSNENTNISLKTNEDASTLTQKLSPQASKVLTENSNELKDTNNEGKDAKDIKLGDDYSDKETAKEITKPKNFVEGITERKEIFPTIPRLAPPASKINFQRSPSYIELFQGMRVVLDKHDAHYNWKRLASQVSLSEGLKVNTEEDAAIINKSQDDAKAERMTQISEVIEYEMQQPIPTYLPKAHLDDSGIEKSDDKFFEIEEELKEELKGSKTGNEDVGNNNPSNSIPKIEKPPAFKVIRTSPVRIIGRTFEDTRKYENGSPSDISFTYDTHNNDEPDKRLMELKFPSQDEIPDDRFYTPAEEPTAEFPVEELPNTPRSINVTTSNNKSTDDKLSSGNIDQKPTELLDDLEFSSFNIAFGNTSMSTDNMKISSDLSSNKTVLGNAQKVQESPSGPLIYVLPQSSTKHEKEGFLRKKQKDEPIWVSPSKIDFADLSRRTKALTPERNTVPLKNNDSRKYKYTGEGSIGNMTNMLLTKDASYAYLKDFVALSDDEDEDGKQNCAVGGPEKLKFY	1636	184719	5.84	264.633695943336
Rho1	P06780	RHO1	MSQQVGNSIRRKLVIVGDGACGKTCLLIVFSKGQFPEVYVPTVFENYVADVEVDGRRVELALWDTAGQEDYDRLRPLSYPDSNVVLICFSIDLPDSLENVQEKWIAEVLHFCQGVPIILVGCKVDLRNDPQTIEQLRQEGQQPVTSQEGQSVADQIGATGYYECSAKTGYGVREVFEAATRASLMGKSKTNGKAKKNTTEKKKKKCVLL	209	23152	5.97	25131.8469408278
Rdi1	Q12434	RDI1	MAEESTDFSQFEEERNNDQYKVSAKKTVDEYKNLDAEDESLAKWKESLGLSSDVLPLEFPGDKRKVVVQKIQLLVNTEPNPITFDLTNEKTIKELASKRYKIKENSIYKLKIVFKVQHEIITGLRYVQYIKKAGIAVDKIDDHLGSYAPNTKTKPFYEVELPESEAPSGFLARGNYSAVSKFIDDDKTNHLTLNWGVEIVKK	202	23138	5.77	12395.061173745
Act1	P60010	ACT1	MDSEVAALVIDNGSGMCKAGFAGDDAPRAVFPSIVGRPRHQGIMVGMGQKDSYVGDEAQSKRGILTLRYPIEHGIVTNWDDMEKIWHHTFYNELRVAPEEHPVLLTEAPMNPKSNREKMTQIMFETFNVPAFYVSIQAVLSLYSSGRTTGIVLDSGDGVTHVVPIYAGFSLPHAILRIDLAGRDLTDYLMKILSERGYSFSTTAEREIVRDIKEKLCYVALDFEQEMQTAAQSSSIEKSYELPDGQVITIGNERFRAPEALFHPSVLGLESAGIDQTTYNSIMKCDVDVRKELYGNIVMSGGTTMFPGIAERMQKEITALAPSSMKVKIIAPPERKYSVWIGGSILASLTTFQQMWISKQEYDESGPSIVHHKCF	375	41690	5.44	117201.966941721
Arp2	P32381	ARP2	MDPHNPIVLDQGTGFVKIGRAGENFPDYTFPSIVGRPILRAEERASVATPLKDIMIGDEASEVRSYLQISYPMENGIIKNWTDMELLWDYAFFEQMKLPSTSNGKILLTEPPMNPLKNREKMCEVMFEKYDFGGVYVAIQAVLALYAQGLSSGVVVDSGDGVTHIVPVYESVVLSHLTRRLDVAGRDVTRHLIDLLSRRGYAFNRTADFETVRQIKEKLCYVSYDLDLDTKLARETTALVESYELPDGRTIKVGQERFEAPECLFQPGLVDVEQPGVGELLFNTVQSADVDIRSSLYKAIVLSGGSSMYPGLPSRLEKELKQLWFSRVLHNDPSRLDKFKVRIEDPPRRKHMVFIGGAVLASIMADKDHMWLSKQEWQESGPSAMTKFGPR	391	44074	5.54	11254.267794261
Arp3	P47117	ARP3	MSYLNNPAVVMDNGTGLTKLGFAGNDSPSWVFPTAIATAAPSNTKKSSGVGAPSAVSNEASYFGNSTSATNFNGATGGLLSNNLSGKRGTEDLDFYIGNEALVASQGPSYSLSYPIRHGQVENWDHMERFWENSIFKYLRTEPEDHFFLLTEPPLNPPENREQVAEIFFESFNCAGLYIAVQAVLALAASWTSSKVTDRSLTGTVIDSGDGVTHVIPVAEGYVIGSAIKNIPIAGRDITLFIQSLLRERGEADTSLRTAEKIKQEYCYVCPDIVKEFNKFDKDPSKFAQFVVENQEKTRRKVVDIGYERFLAPEIFFNPEIASSDFLTPLPTVVDQTIQACPIDVRKGLYNNIVLSGGSTMFKDFGRRLQRDLKSIVNNRIAQSELLSGTKSTGVDVSVISHRKQRNAVWFGGSLLAQTAEFKGYCHTKKDYEEYGPEIVRNFSLFNMV	449	49542	5.57	8097.60357384477
Spa2	P23201	SPA2	MGTSSEVSLAHHRDIFHYYVSLKTFFEVTGENRDRSNSTRAQKARAKLLKLSSSQFYELSTDVSDELQRRIGEDANQPDYLLPKANFHMKRNQARQKLANLSQTRFNDLLDDILFEIKRRGFDKDLDAPRPPLPQPMKQEVSKDSDDTARTSTNSSSVTQVAPNVSVQPSLVIPKMASIDWSSEEEEEEQVKEKPNEPEGKQTSMDEKKEAKPALNPIVTDSDLPDSQVLARDITSMARTPTTTHKNYWDVNDSPIIKVDKDIDNEKGPEQLKSPEVQRAENNNPNSEMEDKVKELTDLNSDLHLQIEDLNAKLASLTSEKEKEKKEEKEEKEKEKNLKINYTIDESFQKELLSLNSQIGELSIENENLKQKISEFELHQKKNDNHNDLKITDGFISKYSSADGLIPAQYILNANNLIIQFTTRLSAVPIGDSTAISHQIGEELFQILSQLSNLISQLLLSADLLQYKDQVILLKASLSHAITSIRYFSVYGPVLIPKITVQAAVSEVCFAMCNLIDSAKIKSDSNGESTTSNEGNRQVLEYSSPTATTPMTPTFPSTSGINMKKGFINPRKPASFLNDVEEEESPVKPLKITQKAINSPIIRPSSSNGVPTTSRKPSGTGLFSLMIDSSIAKNSSHKEDNDKYVSPIKAVTSASNSASSNISEIPKLTLPPQAKIGTVIPPSENQVPNIKIENTEEDNKRSDITNEISVKPTSSIADKLKQFEQSSEKKSSPKENPIAKEEMDSKPKLSNKFITSMNDVSTDDSSSDGNENDDADDDDDFTYMALKQTMKREGSKIEKNNDSKLPANIVELDLHESPESVKIESPESIKEITSSEMSSEMPSSSLPKRLVEDVEPSEMPEKGASVESVRKKNFQEPLGNVESPDMTQKVKSLGMTGKAVGPESDSRVESPGMTGQIKSLNMAGKVVGPEADSRVESPGMKEQIKSLGMTGKITAQESIKSPEAARKLASSGEVDKIESPRMVRESESLEAVGNTIPSNMTVKMESPNLKGNTVSEPQEIRRDIASSEPIENVDPPKVLKKIVFPKAVNRTGSPKSVEKTPSSATLKKSGLPEPNSQIVSPELAKNSPLAPIKKNVELRETNKPHTETITSVEPTNKDANTSWRDADLNRTIKREEEDEDFDRVNHNIQITGAYTKTGKIDYHKIPVDRKAKSEAEVHTSEEDIDESNNVNGKRADAQIHITERKHAFVNPTENSQVKKTSHSPFLNSKPVQYENSESNGGINNHIKIKNTGETTAHDEKHYSDDDDSSYQFVPMKHEEQEQEQNRSEEEESEDDDEEEEDSDFDVDTFDIENPDNTLSELLLYLEHQTMDVISTIQSLLTSIKKPQVTKGNLRGESNAINQVIGQMVDATSISMEQSRNANLKKHGDWVVQSLRDCSRRMTILCQLTGDGILAKEKSDQDYADKNFKQRLAGIAFDVAKCTKELVKTVEEASLKDEINYLNSKLK	1466	163143	5.07	2109.28014461045
Bni1	P41832	BNI1	MLKNSGSKHSNSKESHSNSSSGIFQNLKRLANSNATNSNTGSPTYASQQQHSPVGNEVSTSPASSSSFRKLNAPSRSTSTEARPLNKKSTLNTQNLSQYMNGKLSGDVPVSSQHARSHSMQSKYSYSKRNSSQASNKLTRQHTGQSHSASSLLSQGSLTNLSKFTTPDGKIYLEMPSDPYEVEVLFEDIMYKRNIFQSLSEDKQEALMGYSIEKKWLIVKQDLQNELKKMRANTTSSSTASRTSMASDHHPILTANSSLSSPKSVLMTSASSPTSTVYSNSLNHSTTLSSVGTSTSKGKKLVSGSLKKQPSLNNIYRGGAENNTSASTLPGDRTNRPPIHYVQRILADKLTSDEMKDLWVTLRTEQLDWVDAFIDHQGHIAMANVLMNSIYKTAPRENLTKELLEKENSFFKCFRVLSMLSQGLYEFSTHRLMTDTVAEGLFSTKLATRKMATEIFVCMLEKKNKSRFEAVLTSLDKKFRIGQNLHMIQNFKKMPQYFSHLTLESHLKIIQAWLFAVEQTLDGRGKMGSLVGASDEFKNGGGENAILEYCQWTMVFINHLCSCSDNINQRMLLRTKLENCGILRIMNKIKLLDYDKVIDQIELYDNNKLDDFNVKLEANNKAFNVDLHDPLSLLKNLWDICKGTENEKLLVSLVQHLFLSSSKLIEENQNSSKLTKQLKLMDSLVTNVSVASTSDEETNMNMAIQRLYDAMQTDEVARRAILESRALTKKLEEIQAERDSLSEKLSKAEHGLVGQLEDELHERDRILAKNQRVMQQLEAELEELKKKHLLEKHQQEVELRKMLTILNSRPEESFNKNEGTRGMNSSLNSSEKANIQKVLQDGLSRAKKDYKDDSKKFGMTLQPNKRLKMLRMQMENIENEARQLEMTNFAEFEKDRLEPPIHIKKPKVKKMKNKDRKPLVKPQEADVNKLNDLRRALAEIQMESNDISKFNVEERVNELFNEKKSLALKRLKELETKYKGFGIDFNVDEIMDSPKKNTGDVETEEDANYASLDPKTYQKKLDEINRITDQLLDIQTQTEHEIQVEEDGESDLSSSSSDDESEEIYQDASPTQELRSEHSELSSGSGPGSFLDALSQKYGTGQNVTASAAFGENNNGSGIGPLHSKVEKTFMNRLRKSTVSSAPYLEELTQKVNKVEPYEQNEDEGLDKKSLPENSTASAASAFDKAEKDMRQHVENGKQGRVVNHEEDKTADFSAVSKLNNTDGAEDLSTQSSVLSSQPPPPPPPPPPVPAKLFGESLEKEKKSEDDTVKQETTGDSPAPPPPPPPPPPPPMALFGKPKGETPPPPPLPSVLSSSTDGVIPPAPPMMPASQIKSAVTSPLLPQSPSLFEKYPRPHKKLKQLHWEKLDCTDNSIWGTGKAEKFADDLYEKGVLADLEKAFAAREIKSLASKRKEDLQKITFLSRDISQQFGINLHMYSSLSVADLVKKILNCDRDFLQTPSVVEFLSKSEIIEVSVNLARNYAPYSTDWEGVRNLEDAKPPEKDPNDLQRADQIYLQLMVNLESYWGSRMRALTVVTSYEREYNELLAKLRKVDKAVSALQESDNLRNVFNVILAVGNFMNDTSKQAQGFKLSTLQRLTFIKDTTNSMTFLNYVEKIVRLNYPSFNDFLSELEPVLDVVKVSIEQLVNDCKDFSQSIVNVERSVEIGNLSDSSKFHPLDKVLIKTLPVLPEARKKGDLLEDEVKLTIMEFESLMHTYGEDSGDKFAKISFFKKFADFINEYKKAQAQNLAAEEEERLYIKHKKIVEEQQKRAQEKEKQKENSNSPSSEGNEEDEAEDRRAVMDKLLEQLKNAGPAKSDPSSARKRALVRKKYLSEKDNAPQLLNDLDTEEGSILYSPEAMDPTADTVIHAESPTPLATRGVMNTSEDLPSPSKTSALEDQEEISDRARMLLKELRGSDTPVKQNSILDEHLEKLRARKERSIGEASTGNRLSFK	1953	219673	6.13	479.680767363292
Bem3	P32873	BEM3	MTDNLTTTHGGSTTLELLAQYNDHRSKKDKSIEHIEKGTCSGKERNPSYDEIFTENIKLKLQVQEYETEIESLEKVIDMLQKNREASLEVVLEQVQNDSRDSYVNDQSFVLPPRSAERKAHIKSLNLPIPTLSPPLQQGSDVALETSVTPTVPQIGVTSNTSISRKHLQNMILNDEIEANSSFSSPKIINRSVSSPTKIHSEQLASPAASVTYTTSRITIKSPNKGSKSPLQERLRSPQNPNRMTAVINNHLHSPLKASTSNNLDELTESKSQQLTNDAIQKNDRVYSSITSSAYTTGTPTSAAKSPSSLLEVKEGENKALGFSPASKEKLDDFTQLLDSSFGEEDLVNTDSKDPLSIKSTINESLPPPPAPPTFFSPTSSGNIKNSTPLSSHLASPVILNKKDDNFGAQSAKNLKKPVLTSSLPNLSTKLSTTSQNASLPPNPPVESSSKQKQLGETASIHSTNTLNTFSSTPQGSLKTLRRPHASSVSTVKSVAQSLKSDIPLFVQPEDFGTIQIEVLSTLYRDNEDDLSILIAIIDRKSGKEMFKFSKSIHKVRELDVYMKSHVPDLPLPTLPDRQLFQTLSPTKVDTRKNILNQYYTSIFSVPEFPKNVGLKIAQFISTDTVMTPPMMDDNVKDGSLLLRRPKTLTGNSTWRVRYGILRDDVLQLFDKNQLTETIKLRQSSIELIPNLPEDRFGTRNGFLITEHKKSGLSTSTKYYICTETSKERELWLSAFSDYIDPSQSLSLSSSRNANDTDSASHLSAGTHHSKFGNATISATDTPSYVTDLTQEYNNNNNISNSSNNIANSDGIDSNPSSHSNFLASSSGNAEEEKDSRRAKMRSLFPFKKLTGPASAMNHIGITISNDSDSPTSPDSIIKSPSKKLMEVSSSSNSSTGPHVSTAIFGSSLETCLRLSSHKYQNVYDLPSVVYRCLEYLYKNRGIQEEGIFRLSGSSTVIKTLQERFDKEYDVDLCRYNESIEAKDDEASPSLYIGVNTVSGLLKLYLRKLPHLLFGDEQFLSFKRVVDENHNNPVQISLGFKELIESGLVPHANLSLMYALFELLVRINENSKFNKMNLRNLCIVFSPTLNIPISMLQPFITDFACIFQGGEPVKEEEREKVDIHIPQV	1128	124913	6.38	599.343501474638
Nrp1	P32770	NRP1	MHYVVLELQVAHLPDTPKDQCRIANIAFQIVNAETLVCHYGTNSLPSIEVNGTTKSLESAMVQLDKDIHDVIGNDDFVLVSLYSTWHIRVTLPRQARDDGFILTSYLQHPKVFDLWKEFDRWCVNHPEILGQKKAISNNNCNTKSISINAAKNTKDLDEIVRILEVSIPTEEAGSVPEIYSLLKRTTDILIQLHKKCTSPEDMESVLTKPYDSHTDIRAFLQEKSKILYMNNLPPDTTQSELESWFTQYGVRPVGFWTVKNIVEDTSNVNNNWSLNNSPYVEDQDSISGFVVFQTHEEATEVLALNGRSILSNLANTKQPRVVEHVLELQPSSTGVLDKAQEILSPFPQSKNKPRPGDWNCPSCGFSNFQRRTACFRCSFPAPSNSQIHTANSNNNVNSSRNNLNNRVNSGSSSNISNTAANHPYGAPEFNMIANNTPAALTYNRAHFPAITPLSRQNSLNMAPSNSGSPIIIADHFSGNNNIAPNYRYNNNINNNNNNINNMTNNRYNINNNINGNGNGNGNNSNNNNNHNNNHNNNHHNGSINSNSNTNNNNNNNNGNNSNNCNSNIGMGGCGSNMPFRAGDWKCSTCTYHNFAKNVVCLRCGGPKSISGDASETNHYIDSSTFGPASRTPSNNNISVNTNGGSNAGRTDGNDNKGRDISLMEFMSPPLSMATKSMKEGDGNGSSFNEFKSDKANVNFSNVGDNSAFGNGFNSSIRW	719	79299	6.4	406.149085591884
Cla4	P48562	CLA4	MSLSAAANKISDNDFQNIGPAPRPPSSNSQGRTCYNQTQPITKLMSQLDLTSASHLGTSTSKKKSGWVSYKDDGILSFIWQKRYLMLHDSYVALYKNDKQNDDAILKIPLTSIISVSRTQLKQYCFELVRCSDRNSVSSGSSSSLNVSSDSNSKKSIYIATKTESDLHSWLDAIFAKCPLLSGVSSPTNFTHKVHVGFDPETGSFVGMPTNWEKLLKHSRITGEDWNNNSAAVIQVLQFYQEYNGAGNPTNTLDKPQSGETSSSQKSLPNSYNDNKLRNNSVNSKSSSGVSSSMVSQRKTSQPPNTKSPVSLGSGSLPPINTKLPTSQSNIPRHLQNVPNQQYPKMRNGHSPTNGQFPRGPMHPNNSQRSLQQQQQQQQQQKQQHQQYPYHHQGPSPSPSPSPSPLNPYRPHHNMINPYSKQPQSPLSSQSTQNQAIPRYAQNSSPTAAHFQPQRTAPKPPISAPRAPYPSNQNATSNTHVQPVAPKNDQSTPQTMRQAPKRPDADVAQPGGVAKPKKPARPTMSTAEIMSKLKKVTVNADPSQCFKVIEKAGQGASGSVYLAERTHIPTESNMIELINNDIDEPHVGDKVAIKQMVLSKQPRKELIVNEILVMKDSRHKNIVNFLEAYLRTDDDLWVVMEFMEGGSLTDIIENSPTNDNSHSPLTEPQIAYIVRETCQGLKFLHDKHIIHRDIKSDNVLLDTRARVKITDFGFCARLTDKRSKRATMVGTPYWMAPEVVKQREYDEKIDVWSLGIMTIEMLEGEPPYLNEDPLKALYLIATNGTPKLKHPESLSLEIKRFLSVCLCVDVRYRASTEELLHHGFFNMACDPKDLTSLLEWKE	842	93909	9.18	396.812909604525
Cdc28	P00546	CDC28	MSGELANYKRLEKVGEGTYGVVYKALDLRPGQGQRVVALKKIRLESEDEGVPSTAIREISLLKELKDDNIVRLYDIVHSDAHKLYLVFEFLDLDLKRYMEGIPKDQPLGADIVKKFMMQLCKGIAYCHSHRILHRDLKPQNLLINKDGNLKLGDFGLARAFGVPLRAYTHEIVTLWYRAPEVLLGGKQYSTGVDTWSIGCIFAEMCNRKPIFSGDSEIDQIFKIFRVLGTPNEAIWPDIVYLPDFKPSFPQWRRKDLSQVVPSLDPRGIDLLDKLLAYDPINRISARRAAIHPYFQES	298	34061	8.5	2626.99288560432
Ste5	P32917	STE5	MMETPTDNIVSPFHNFGSSTQYSGTLSRTPNQIIELEKPSTLSPLSRGKKWTEKLARFQRSSAKKKRFSPSPISSSTFSFSPKSRVTSSNSSGNEDGNLMNTPSTVSTDYLPQHPHRTSSLPRPNSNLFHASNSNLSRANEPPRAENLSDNIPPKVAPFGYPIQRTSIKKSFLNASCTLCDEPISNRRKGEKIIELACGHLSHQECLIISFGTTSKADVRALFPFCTKCKKDTNKAVQCIPENDELKDILISDFLIHKIPDSELSITPQSRFPPYSPLLPPFGLSYTPVERQTIYSQAPSLNPNLILAAPPKERNQIPQKKSNYTFLHSPLGHRRIPSGANSILADTSVALSANDSISAVSNSVRAKDDETKTTLPLLRSYFIQILLNNFQEELQDWRIDGDYGLLRLVDKLMISKDGQRYIQCWCFLFEDAFVIAEVDNDVDVLEIRLKNLEVFTPIANLRMTTLEASVLKCTLNKQHCADLSDLYIVQNINSDESTTVQKWISGILNQDFVFNEDNITSTLPILPIIKNFSKDVGNGRHETSTFLGLINPNKVVEVGNVHDNDTVIIRRGFTLNSGECSRQSTVDSIQSVLTTISSILSLKREKPDNLAIILQIDFTKLKEEDSLIVVYNSLKALTIKFARLQFCFVDRNNYVLDYGSVLHKIDSLDSISNLKSKSSSTQFSPIWLKNTLYPENIHEHLGIVAVSNSNMEAKKSILFQDYRCFTSFGRRRPNELKIKVGYLNVDYSDKIDELVEASSWTFVLETLCYSFGLSFDEHDDDDEEDNDDSTDNELDNSSGSLSDAESTTTIHIDSPFDNENATANMVNDRNLLTEGEHSNIENLETVASSVQPALIPNIRFSLHSEEEGTNENENENDMPVLLLSDMDKGIDGITRRSSFSSLIESGNNNCPLHMDYI	917	102727	5.26	55.7310046541642
Axl2	P38928	AXL2	MTQLQISLLLTATISLLHLVVATPYEAYPIGKQYPPVARVNESFTFQISNDTYKSSVDKTAQITYNCFDLPSWLSFDSSSRTFSGEPSSDLLSDANTTLYFNVILEGTDSADSTSLNNTYQFVVTNRPSISLSSDFNLLALLKNYGYTNGKNALKLDPNEVFNVTFDRSMFTNEESIVSYYGRSQLYNAPLPNWLFFDSGELKFTGTAPVINSAIAPETSYSFVIIATDIEGFSAVEVEFELVIGAHQLTTSIQNSLIINVTDTGNVSYDLPLNYVYLDDDPISSDKLGSINLLDAPDWVALDNATISGSVPDELLGKNSNPANFSVSIYDTYGDVIYFNFEVVSTTDLFAISSLPNINATRGEWFSYYFLPSQFTDYVNTNVSLEFTNSSQDHDWVKFQSSNLTLAGEVPKNFDKLSLGLKANQGSQSQELYFNIIGMDSKITHSNHSANATSTRSSHHSTSTSSYTSSTYTAKISSTSAAATSSAPAALPAANKTSSHNKKAVAIACGVAIPLGVILVALICFLIFWRRRRENPDDENLPHAISGPDLNNPANKPNQENATPLNNPFDDDASSYDDTSIARRLAALNTLKLDNHSATESDISSVDEKRDSLSGMNTYNDQFQSQSKEELLAKPPVQPPESPFFDPQNRSSSVYMDSEPAVNKSWRYTGNLSPVSDIVRDSYGSQKTVDTEKLFDLEAPEKEKRTSRDVTMSSLDPWNSNISPSPVRKSVTPSPYNVTKHRNRHLQNIQDSQSGKNGITPTTMSTSSSDDFVPVKDGENFCWVHSMEPDRRPSKKRLVDFSNKSNVNVGQVKDIHGRIPEML	823	90783	4.82	76.481639620705
Rax1	Q08760	RAX1	MKEELSKVSSMQNFEMIQRERLPTLYEVLIQRTSQPVDLWTFYTFLSQFPYAINYLDFWVDLMTHTRLCKNYIELVRKSLINFPQEQQQNGSTSTATFDLLNALIEEGHLDPEAPDKLLENSGPDVPFSPKLNELLGDWKHQSGIGQEALRNEDVALIVDEIMKRRSQQDGKPQITTKQLLHSAVGLCNTYLVSPEQSERYLSNIPMETRNRIIESVQIERKYDIEIFDDLKNLTYQFLEMDCFPKFLSRVALHNIHDEISDWRFHSVGVTNEKSNRSRGQTHISRSPFSNHTSISRIGFGLLWLGIGFWIGYVLIFLAYSRAIRVVTVVPFTLGCYCIVCGMYQVDIVYSWFGVTQRLLHRHKNAGNDEGDASSDTDHVPMILAVFGGRRRLTRIEHPFTRQLLRKRGLWCLLLVVGATAAFTVIFSCVPGRRV	435	50161	6.9	193.892568899357
