	input_name	accession_protein	gene_names	sequence	length	mass	isoelectric_point	protein_abundance
0	BUD19	O94143	BUD19	MTKSLKHKYVLRLDVHLGSSPVSSLSVVTDSVVGSQSDPLWQWSVLLLSLSHFLLDSERLLSLIKRETYRAHTKCTIVKNVSNNVQTHQYDAFTDPRQYHLT	102	11666	9.21	
1	RHO2	P06781	RHO2	MSEKAVRRKLVIIGDGACGKTSLLYVFTLGKFPEQYHPTVFENYVTDCRVDGIKVSLTLWDTAGQEEYERLRPFSYSKADIILIGFAVDNFESLINARTKWADEALRYCPDAPIVLVGLKKDLRQEAHFKENATDEMVPIEDAKQVARAIGAKKYMECSALTGEGVDDVFEVATRTSLLMKKEPGANCCIIL	192	21479	5.35	3449.75780108513
2	SNF1	P06782	SNF1	MSSNNNTNTAPANANSSHHHHHHHHHHHHHGHGGSNSTLNNPKSSLADGAHIGNYQIVKTLGEGSFGKVKLAYHTTTGQKVALKIINKKVLAKSDMQGRIEREISYLRLLRHPHIIKLYDVIKSKDEIIMVIEYAGNELFDYIVQRDKMSEQEARRFFQQIISAVEYCHRHKIVHRDLKPENLLLDEHLNVKIADFGLSNIMTDGNFLKTSCGSPNYAAPEVISGKLYAGPEVDVWSCGVILYVMLCRRLPFDDESIPVLFKNISNGVYTLPKFLSPGAAGLIKRMLIVNPLNRISIHEIMQDDWFKVDLPEYLLPPDLKPHPEEENENNDSKKDGSSPDNDEIDDNLVNILSSTMGYEKDEIYESLESSEDTPAFNEIRDAYMLIKENKSLIKDMKANKSVSDELDTFLSQSPPTFQQQSKSHQKSQVDHETAKQHARRMASAITQQRTYHQSPFMDQYKEEDSTVSILPTSLPQIHRANMLAQGSPAASKISPLVTKKSKTRWHFGIRSRSYPLDVMGEIYIALKNLGAEWAKPSEEDLWTIKLRWKYDIGNKTNTNEKIPDLMKMVIQLFQIETNNYLVDFKFDGWESSYGDDTTVSNISEDEMSTFSAYPFLHLTTKLIMELAVNSQSN	633	72045	6.18	2530.55688797728
3	CDC24	P11433	CDC24	MAIQTRFASGTSLSDLKPKPSATSISIPMQNVMNKPVTEQDSLFHICANIRKRLEVLPQLKPFLQLAYQSSEVLSERQSLLLSQKQHQELLKSNGANRDSSDLAPTLRSSSISTATSLMSMEGISYTNSNPSATPNMEDTLLTFSMGILPITMDCDPVTQLSQLFQQGAPLCILFNSVKPQFKLPVIASDDLKVCKKSIYDFILGCKKHFAFNDEELFTISDVFANSTSQLVKVLEVVETLMNSSPTIFPSKSKTQQIMNAENQHRHQPQQSSKKHNEYVKIIKEFVATERKYVHDLEILDKYRQQLLDSNLITSEELYMLFPNLGDAIDFQRRFLISLEINALVEPSKQRIGALFMHSKHFFKLYEPWSIGQNAAIEFLSSTLHKMRVDESQRFIINNKLELQSFLYKPVQRLCRYPLLVKELLAESSDDNNTKELEAALDISKNIARSINENQRRTENHQVVKKLYGRVVNWKGYRISKFGELLYFDKVFISTTNSSSEPEREFEVYLFEKIIILFSEVVTKKSASSLILKKKSSTSASISASNITDNNGSPHHSYHKRHSNSSSSNNIHLSSSSAAAIIHSSTNSSDNNSNNSSSSSLFKLSANEPKLDLRGRIMIMNLNQIIPQNNRSLNITWESIKEQGNFLLKFKNEETRDNWSSCLQQLIHDLKNEQFKARHHSSTSTTSSTAKSSSMMSPTTTMNTPNHHNSRQTHDSMASFSSSHMKRVSDVLPKRRTTSSSFESEIKSISENFKNSIPESSILFRISYNNNSNNTSSSEIFTLLVEKVWNFDDLIMAINSKISNTHNNNISPITKIKYQDEDGDFVVLGSDEDWNVAKEMLAENNEKFLNIRLY	854	96940	8.6	934.471664348764
4	BIK1	P11709	BIK1	MDRYQRKIGCFIQIPNLGRGQLKYVGPVDTKAGMFAGVDLLANIGKNDGSFMGKKYFQTEYPQSGLFIQLQKVASLIEKASISQTSRRTTMEPLSIPKNRSIVRLTNQFSPMDDPKSPTPMRSFRITSRHSGNQQSMDQEASDHHQQQEFGYDNREDRMEVDSILSSDRKANHNTTSDWKPDNGHMNDLNSSEVTIELREAQLTIEKLQRKQLHYKRLLDDQRMVLEEVQPTFDRYEATIQEREKEIDHLKQQLELERRQQAKQKQFFDAENEQLLAVVSQLHEEIKENEERNLSHNQPTGANEDVELLKKQLEQLRNIEDQFELHKTKWAKEREQLKMHNDSLSKEYQNLSKELFLTKPQDSSSEEVASLTKKLEEANEKIKQLEQAQAQTAVESLPIFDPPAPVDTTAGRQQWCEHCDTMGHNTAECPHHNPDNQQFF	440	51092	5.62	418.094614988225
5	RSR1	P13856	RSR1	MRDYKLVVLGAGGVGKSCLTVQFVQGVYLDTYDPTIEDSYRKTIEIDNKVFDLEILDTAGIAQFTAMRELYIKSGMGFLLVYSVTDRQSLEELMELREQVLRIKDSDRVPMVLIGNKADLINERVISVEEGIEVSSKWGRVPFYETSALLRSNVDEVFVDLVRQIIRNEMESVAVKDARNQSQQFSKIESPSTRLPSSAKQDTKQSNNKQSSKGLYNKSSQGQAKVKQSTPVNEKHKPSHAVPKSGSSNRTGISATSQQKKKKKNASTCTIL	272	30391	9.22	1609.66005687438
6	PHO85	P17157	PHO85	MSSSSQFKQLEKLGNGTYATVYKGLNKTTGVYVALKEVKLDSEEGTPSTAIREISLMKELKHENIVRLYDVIHTENKLTLVFEFMDNDLKKYMDSRTVGNTPRGLELNLVKYFQWQLLQGLAFCHENKILHRDLKPQNLLINKRGQLKLGDFGLARAFGIPVNTFSSEVVTLWYRAPDVLMGSRTYSTSIDIWSCGCILAEMITGKPLFPGTNDEEQLKLIFDIMGTPNESLWPSVTKLPKYNPNIQQRPPRDLRQVLQPHTKEPLDGNLMDFLHGLLQLNPDMRLSAKQALHHPWFAEYYHHAS	305	34906	8.28	3613.1593003873
7	CDC42	P19073	CDC42	MQTLKCVVVGDGAVGKTCLLISYTTNQFPADYVPTVFDNYAVTVMIGDEPYTLGLFDTAGQEDYDRLRPLSYPSTDVFLVCFSVISPPSFENVKEKWFPEVHHHCPGVPCLVVGTQIDLRDDKVIIEKLQRQRLRPITSEQGSRLARELKAVKYVECSALTQRGLKNVFDEAIVAALEPPVIKKSKKCAIL	191	21323	6.3	8689.836812937
8	MYO2	P19524	MYO2	MSFEVGTRCWYPHKELGWIGAEVIKNEFNDGKYHLELQLEDDEIVSVDTKDLNNDKDQSLPLLRNPPILEATEDLTSLSYLNEPAVLHAIKQRYSQLNIYTYSGIVLIATNPFDRVDQLYTQDMIQAYAGKRRGELEPHLFAIAEEAYRLMKNDKQNQTIVVSGESGAGKTVSAKYIMRYFASVEEENSATVQHQVEMSETEQKILATNPIMEAFGNAKTTRNDNSSRFGKYLEILFDKDTSIIGARIRTYLLERSRLVYQPPIERNYHIFYQLMAGLPAQTKEELHLTDASDYFYMNQGGDTKINGIDDAKEYKITVDALTLVGITKETQHQIFKILAALLHIGNIEIKKTRNDASLSADEPNLKLACELLGIDAYNFAKWVTKKQIITRSEKIVSNLNYSQALVAKDSVAKFIYSALFDWLVENINTVLCNPAVNDQISSFIGVLDIYGFEHFEKNSFEQFCINYANEKLQQEFNQHVFKLEQEEYVKEEIEWSFIEFNDNQPCIDLIENKLGILSLLDEESRLPAGSDESWTQKLYQTLDKSPTNKVFSKPRFGQTKFIVSHYALDVAYDVEGFIEKNRDTVSDGHLEVLKASTNETLINILEGLEKAAKKLEEAKKLELEQAGSKKPGPIRTVNRKPTLGSMFKQSLIELMNTINSTNVHYIRCIKPNADKEAWQFDNLMVLSQLRACGVLETIRISCAGFPSRWTFEEFVLRYYILIPHEQWDLIFKKKETTEEDIISVVKMILDATVKDKSKYQIGNTKIFFKAGMLAYLEKLRSNKMHNSIVMIQKKIRAKYYRKQYLQISQAIKYLQNNIKGFIIRQRVNDEMKVNCATLLQAAYRGHSIRANVFSVLRTITNLQKKIRKELKQRQLKQEHEYNAAVTIQSKVRTFEPRSRFLRTKKDTVVVQSLIRRRAAQRKLKQLKADAKSVNHLKEVSYKLENKVIELTQNLASKVKENKEMTERIKELQVQVEESAKLQETLENMKKEHLIDIDNQKSKDMELQKTIENNLQSTEQTLKDAQLELEDMVKQHDELKEESKKQLEELEQTKKTLVEYQTLNGDLQNEVKSLKEEIARLQTAMSLGTVTTSVLPQTPLKDVMGGGASNFNNMMLENSDLSPNDLNLKSRSTPSSGNNHIDSLSVDRENGVNATQINEELYRLLEDTEILNQEITEGLLKGFEVPDAGVAIQLSKRDVVYPARILIIVLSEMWRFGLTKQSESFLAQVLTTIQKVVTQLKGNDLIPSGVFWLANVRELYSFVVFALNSILTEETFKNGMTDEEYKEYVSLVTELKDDFEALSYNIYNIWLKKLQKQLQKKAINAVVISESLPGFSAGETSGFLNKIFANTEEYTMDDILTFFNSIYWCMKSFHIENEVFHAVVTTLLNYVDAICFNELIMKRNFLSWKRGLQLNYNVTRLEEWCKTHGLTDGTECLQHLIQTAKLLQVRKYTIEDIDILRGICYSLTPAQLQKLISQYQVADYESPIPQEILRYVADIVKKEAALSSSGNDSKGHEHSSSIFITPETGPFTDPFSLIKTRKFDQVEAYIPAWLSLPSTKRIVDLVAQQVVQDGH	1574	180680	5.95	3343.62396643598
9	MSB1	P21339	MSB1	MNDMAKPLPTPPTAEIRKSRSNSPKKAQKTNLSPNKNQNNEKNVPRSNGRTKNEHNSMDDEEFEFFHQFSREKVKGVIHVITAELKEKGPDVEFLMIPFRPEQTNDKLLTLLNQLFPLGNGQPVNEKKQLRIVSKADVWTLFQCLKYIWCRLPNSEIIGWKSYLEFKFREEDKKFPRKSFLEIMPQCLASPNHASIVYDFFDLIISISSNSRVNKMSARKISKMCAIWAFSKQIPNSDIQDYDFESAAMKSFAPNNSIQDGLDQWIPASDAMFHLLLAFLRSFVPQDLESAKLPRTLKSLLFNNQYPPRKSTAYTSETILTIPLVTLKTDVFSRKPWQLLERCNDLLDFSDHDAFEAREDYALLKSLFRKKNTVEGISRKMSQESRRLMKAMSTKHSTFQPGWAPRECIENISHLKECIEVKRLDIDDYFIWTWLSSLSFEQTSEKKKIFGRSIILEFEFDGFKKWVVFQECDITLDYNKKGQLKKKTSAQSPTTEKELPPDDFELEDPPLSKSPTLSQTYKKFQAEVPQQSTVRRDSAPDNQGIYHTVISKNALTKNKHNVNLHSFEHKISKWNPLNNLRKKSGSNSSSSSFEEKSKDAPIREEYHTNKNHKSKKEERVLSQFSTLNPDEYQLPVIETGSSNFKIEIPELMYEHDDDDSDKLKNSQKRATDSAIEELNGMVEEMMINEPDDVKISITEAETFESLTKFDQYKPSNITDDDLQSSHSSAVHSLKLSTNTNDSCADSSKYTADRKLAEPRKISEESKVNDDSSSYYSPNINNLPASRMPSQPTYSNSDSKKAFTNESRLNVLQGAVSPSQQVTPKPYKNAPGDCVSPVQQKYYQNDRRNEMSPASAPVPPSAYSPARSPQFSTNSAGFKQNTINVPVGYNDPAHVLANQPHMTYRDQHNYPSHQQKQRPFQNNIVPPELKSRNQRADASPIPQHMVPVKQGVPNLPSNVPLYQQMERMNPNHQHPVNTYKVTQPPYHNNTTNAYGNSRAGNAHMLDGKWSNNPPQMVPKGVRPNQYPQQHVNRYSPQAQPVVPAEYYNGPPPMRAPPMMSHMVPAQEPIRYTAGANRRSFPQGMQQNAYSVPAQPMGAVNSEFYLPEAPQGNKLHGNINKRQERKKLYDNIRSGNFGI	1137	129971	8.96	177.936577599412
10	SPA2	P23201	SPA2	MGTSSEVSLAHHRDIFHYYVSLKTFFEVTGENRDRSNSTRAQKARAKLLKLSSSQFYELSTDVSDELQRRIGEDANQPDYLLPKANFHMKRNQARQKLANLSQTRFNDLLDDILFEIKRRGFDKDLDAPRPPLPQPMKQEVSKDSDDTARTSTNSSSVTQVAPNVSVQPSLVIPKMASIDWSSEEEEEEQVKEKPNEPEGKQTSMDEKKEAKPALNPIVTDSDLPDSQVLARDITSMARTPTTTHKNYWDVNDSPIIKVDKDIDNEKGPEQLKSPEVQRAENNNPNSEMEDKVKELTDLNSDLHLQIEDLNAKLASLTSEKEKEKKEEKEEKEKEKNLKINYTIDESFQKELLSLNSQIGELSIENENLKQKISEFELHQKKNDNHNDLKITDGFISKYSSADGLIPAQYILNANNLIIQFTTRLSAVPIGDSTAISHQIGEELFQILSQLSNLISQLLLSADLLQYKDQVILLKASLSHAITSIRYFSVYGPVLIPKITVQAAVSEVCFAMCNLIDSAKIKSDSNGESTTSNEGNRQVLEYSSPTATTPMTPTFPSTSGINMKKGFINPRKPASFLNDVEEEESPVKPLKITQKAINSPIIRPSSSNGVPTTSRKPSGTGLFSLMIDSSIAKNSSHKEDNDKYVSPIKAVTSASNSASSNISEIPKLTLPPQAKIGTVIPPSENQVPNIKIENTEEDNKRSDITNEISVKPTSSIADKLKQFEQSSEKKSSPKENPIAKEEMDSKPKLSNKFITSMNDVSTDDSSSDGNENDDADDDDDFTYMALKQTMKREGSKIEKNNDSKLPANIVELDLHESPESVKIESPESIKEITSSEMSSEMPSSSLPKRLVEDVEPSEMPEKGASVESVRKKNFQEPLGNVESPDMTQKVKSLGMTGKAVGPESDSRVESPGMTGQIKSLNMAGKVVGPEADSRVESPGMKEQIKSLGMTGKITAQESIKSPEAARKLASSGEVDKIESPRMVRESESLEAVGNTIPSNMTVKMESPNLKGNTVSEPQEIRRDIASSEPIENVDPPKVLKKIVFPKAVNRTGSPKSVEKTPSSATLKKSGLPEPNSQIVSPELAKNSPLAPIKKNVELRETNKPHTETITSVEPTNKDANTSWRDADLNRTIKREEEDEDFDRVNHNIQITGAYTKTGKIDYHKIPVDRKAKSEAEVHTSEEDIDESNNVNGKRADAQIHITERKHAFVNPTENSQVKKTSHSPFLNSKPVQYENSESNGGINNHIKIKNTGETTAHDEKHYSDDDDSSYQFVPMKHEEQEQEQNRSEEEESEDDDEEEEDSDFDVDTFDIENPDNTLSELLLYLEHQTMDVISTIQSLLTSIKKPQVTKGNLRGESNAINQVIGQMVDATSISMEQSRNANLKKHGDWVVQSLRDCSRRMTILCQLTGDGILAKEKSDQDYADKNFKQRLAGIAFDVAKCTKELVKTVEEASLKDEINYLNSKLK	1466	163143	5.07	2109.28014461045
11	PCL1	P24867	PCL1	MCEYSKALHILLKSPVTDDIIKFLTDTTLRVVPSSNYPTPPGSPGEKHLTRLPSLMTFITRLVRYTNVYTPTLLTAACYLNKLKRILPRDATGLPSTIHRIFLACLILSAKFHNDSSPLNKHWARYTDGLFTLEDINLMERQLLQLLNWDLRVNTEDLILDLQPLLEPIKQDLARSSDQRKRINMMMSMNRRTCAGTSPIRSNNRFKLYEKQRNVSIASDLSSATLVDSCNDLRRLKDVTNIANNTVANTNYVRTVEKWNDNVNRQSWDLEQIMSQHGF	279	32095	9.4	
12	BUD5	P25300	BUD5	MSPKNKYVYICVEYIYIYFAKIHKQSTLSSDTTKMFVLIDNVLAYLLEQDDLFVTARFAIQGQIVSRRVNKIHISNITDVLLQQFISHTLPYNDNIVPKKILDSMRTAVRQLLEATACVSRECPLVKRSQDIKRARKRLLSDWYRLGADANMDAVLLVVNSAWRFLAVWRPFVNSIQHATQELYQNIAHYLLHGNVNIQRVTALIQLVMGQDDLLFSMDDVLQEVFRIQLYLNKMLPHNSHKWQKPSPFDSANLLLNFRDWTTDNALLQELLLSYPTINKNKHKNHSVPRLIQIWVESYWQDSETTLKDILNFWYSHLAEYYEYQELFADIVQLFINKKRTRQLKIHYIGLTDKEIEENKPPLDYENLFLQYEIDKTNANDELCGATDLSDLLFQWKQGELLEVEAFALNVSPWSLAKTLTLLESSLYLDIETIEFTRHFKHNDTTIDSVFTLSNQLSSYVLETTLQQTHTISYWLQVALSCLYLRNLNSLASIITSLQNHSIERLSLPIDVKSDHLFQRLKVVVHPNNNYNVYRRTIKHIFHSQLPCVPFTSLLIRDITFIRDGNDTFTKDGNNVNMQKFNQITKIVAFAQYLQQKQYEDIHCSNTTARSLLGAMIKVHTLYNDNKDRAYQVSIAKVPRLT	642	75046	7.68	
13	BUD31	P25337	BUD31	MPRIKTRRSKPAPDGFEKIKPTLTDFEIQLRDAQKDKSSKLAAKSNEQLWEIMQLHHQRSRYIYTLYYKRKAISKDLYDWLIKEKYADKLLIAKWRKTGYEKLCCLRCIQKNETNNGSTCICRVPRAQLEEEARKKGTQVSFHQCVHCGCRGCASTD	157	18447	9.54	601.634848510011
14	STE50	P25344	STE50	MEDGKQAINEGSNDASPDLDVNGTILMNNEDFSQWSVDDVITWCISTLEVEETDPLCQRLRENDIVGDLLPELCLQDCQDLCDGDLNKAIKFKILINKMRDSKLEWKDDKTQEDMITVLKNLYTTTSAKLQEFQSQYTRLRMDVLDVMKTSSSSSPINTHGVSTTVPSSNNTIIPSSDGVSLSQTDYFDTVHNRQSPSRRESPVTVFRQPSLSHSKSLHKDSKNKVPQISTNQSHPSAVSTANTPGPSPNEALKQLRASKEDSCERILKNAMKRHNLADQDWRQYVLVICYGDQERLLELNEKPVIIFKNLKQQGLHPAIMLRRRGDFEEVAMMNGSDNVTPGGRL	346	38971	5.29	273.426491835094
15	BUD3	P25558	BUD3	MEKDLSSLYSEKKDKENDETLFNIKLSKSVVETTPLNGHSLFDDDKSLSDWTDNVFTQSVFYHGSDDLIWGKFFVCVYKSPNSNKLNAIIFDKLGTSCFESVDISSNSQYYPAIENLSPSDQESNVKKCIAVILLQRYPLLSPSDLSQILSNKSENCDYDPPYAGDLASSCQLITAVPPEDLGKRFFTSGLLQNRFVSSTLLDVIYENNESTIELNNRLVFHLGEQLEQLFNPVTEYSPEQTEYGYKAPEDELPTESDDDLVKAICNELLQLQTNFTFNLVEFLQKFLIALRVRVLNEEINGLSTTKLNRLFPPTIDEVTRINCIFLDSLKTAIPYGSLEVLKACSITIPYFYKAYTRHEAATKNFSKDIKLFIRHFSNVIPEREVYTEMKIESIIKGPQEKLLKLKLIIERLWKSKKWRPKNQEMAKKCYNNIIDVIDSFGKLDSPLHSYSTRVFTPSGKILTELAKCWPVELQYKWLKRRVVGVYDVVDLNDENKRNLLVIFSDYVVFINILEAESYYTSDGSNRPLISDILMNSLINEVPLPSKIPKLKVERHCYIDEVLVSILDKSTLRFDRLKGKDSFSMVCKLSSAFISSSSVADLITKARILEKDTAFHLFKASRSHFTLYSTAHELCAYDSEKIKSKFALFLNIPPSKEILEVNNLHLAFFARFCSNDGRDNIVILDVLTKHDDKHIEVTSDNIVFTIINQLAIEIPICFSSLNSSMAKDLLCVNENLIKNLEHQLEEVKHPSTDEHRAVNSKLSGASDFDATHEKKRSYGTITTFRSYTSDLKDSPSGDNSNVTKETKEILPVKPTKKSSKKPREIQKKTKTNASKAEHIEKKKPNKGKGFFGVLKNVFGSKSKSKPSPVQRVPKKISQRHPKSPVKKPMTSEKKSSPKRAVVSSPKIKKKSTSFSTKESQTAKSSLRAVEFKSDDLIGKPPDVGNGAHPQENTRISSVVRDTKYVSYNPSQPVTENTSNEKNVEPKADQSTKQDNISNFADVEVSASSYPEKLDAETDDQIIGKATNSSSVHGNKELPDLAEVTTANRVSTTSAGDQRIDTQSEFLRAADVENLSDDDEHRQNESRVFNDDLFGDFIPKHYRNKQENINSSSNLFPEGKVPQEKGVSNENTNISLKTNEDASTLTQKLSPQASKVLTENSNELKDTNNEGKDAKDIKLGDDYSDKETAKEITKPKNFVEGITERKEIFPTIPRLAPPASKINFQRSPSYIELFQGMRVVLDKHDAHYNWKRLASQVSLSEGLKVNTEEDAAIINKSQDDAKAERMTQISEVIEYEMQQPIPTYLPKAHLDDSGIEKSDDKFFEIEEELKEELKGSKTGNEDVGNNNPSNSIPKIEKPPAFKVIRTSPVRIIGRTFEDTRKYENGSPSDISFTYDTHNNDEPDKRLMELKFPSQDEIPDDRFYTPAEEPTAEFPVEELPNTPRSINVTTSNNKSTDDKLSSGNIDQKPTELLDDLEFSSFNIAFGNTSMSTDNMKISSDLSSNKTVLGNAQKVQESPSGPLIYVLPQSSTKHEKEGFLRKKQKDEPIWVSPSKIDFADLSRRTKALTPERNTVPLKNNDSRKYKYTGEGSIGNMTNMLLTKDASYAYLKDFVALSDDEDEDGKQNCAVGGPEKLKFY	1636	184719	5.84	264.633695943336
16	PWP2	P25635	PWP2	MKSDFKFSNLLGTVYRQGNITFSDDGKQLLSPVGNRVSVFDLINNKSFTFEYEHRKNIAAIDLNKQGTLLISIDEDGRAILVNFKARNVLHHFNFKEKCSAVKFSPDGRLFALASGRFLQIWKTPDVNKDRQFAPFVRHRVHAGHFQDITSLTWSQDSRFILTTSKDLSAKIWSVDSEEKNLAATTFNGHRDYVMGAFFSHDQEKIYTVSKDGAVFVWEFTKRPSDDDDNESEDDDKQEEVDISKYSWRITKKHFFYANQAKVKCVTFHPATRLLAVGFTSGEFRLYDLPDFTLIQQLSMGQNPVNTVSVNQTGEWLAFGSSKLGQLLVYEWQSESYILKQQGHFDSTNSLAYSPDGSRVVTASEDGKIKVWDITSGFCLATFEEHTSSVTAVQFAKRGQVMFSSSLDGTVRAWDLIRYRNFRTFTGTERIQFNCLAVDPSGEVVCAGSLDNFDIHVWSVQTGQLLDALSGHEGPVSCLSFSQENSVLASASWDKTIRIWSIFGRSQQVEPIEVYSDVLALSMRPDGKEVAVSTLKGQISIFNIEDAKQVGNIDCRKDIISGRFNQDRFTAKNSERSKFFTTIHYSFDGMAIVAGGNNNSICLYDVPNEVLLKRFIVSRNMALNGTLEFLNSKKMTEAGSLDLIDDAGENSDLEDRIDNSLPGSQRGGDLSTRKMRPEVRVTSVQFSPTANAFAAASTEGLLIYSTNDTILFDPFDLDVDVTPHSTVEALREKQFLNALVMAFRLNEEYLINKVYEAIPIKEIPLVASNIPAIYLPRILKFIGDFAIESQHIEFNLIWIKALLSASGGYINEHKYLFSTAMRSIQRFIVRVAKEVVNTTTDNKYTYRFLVSTDGSMEDGAADDDEVLLKDDADEDNEENEENDVVMESDDEEGWIGFNGKDNKLPLSNENDSSDEEENEKELP	923	103983	4.94	852.742859706093
17	PCL2	P25693	PCL2	MSNYEALLKFNRKAVSKEMVQYLASTTASIIKIKKTNSMIDIALPAPPLTKFINRLIKHSNVQTPTLMATSVYLAKLRSIIPSNVYGIETTRHRIFLGCLILAAKTLNDSSPLNKHWAEYTDGLLILREVNTIERELLEYFDWDVTISTDDLITCLSPFLKPIKEEQLYKSQRDCRTLKNFSAQEKDIVNKTSISHSRSSSNMSIPSLASTSTLSTLESRRSNLSNYSNRIRTLPELHESNNISDKFSPRTYNIDSKHDNKENRPIPTIKPFNFSKARPVILKTGLNKQIIKEDTKVKKSNWSNYFKS	308	35207	9.72	
18	BUD14	P27637	BUD14	MSNKEEHVDETSASGVKEVSSIAARHDNGYAPSLITSTSGMDSFQSHALLNDPTLIEDYSDIINNRPTSGSKLTLGNEDSESMGGSVVVTPTSNKSSPFNSKLNILSNAAEKGHDVLRNRDDDKELEEENVEKHMHSNSKRDQRHYKENSSELPDSYDYSDSEFEDNLERRLQEIETDSVDSADKDEVHFSVNNTMNPDVDDFSDGLKYAISEDEDEEENYSDDDDFDRKFQDSGFQGEKDDLEEENDDYQPLSPPRELDPDKLYALYAFNGHDSSHCQLGQDEPCILLNDQDAYWWLVKRITDGKIGFAPAEILETFPERLARLNCWKNENMSSQSVASSDSKDDSISSGNKNQSDAESIIPTPALNGYGKGNKSVSFNDVVGYADRFIDDAIEDTSLDSNDDGGEGNGQSYDDDVDNDKETKVTHRDEYTEAKLNFGKFQDDDTSDVVSDVSFSTSLNTPLNVKKVRRQDNKNESEPKTSSSKDREDDYNANRYVGQEKSEPVDSDYDTDLKKVFEAPRMPFANGMAKSDSQNSLSTIGEFSPSSSEWTNESPSTPIVEESSSIPSSRAIKDISQYIHAKSKIEETTNVENTEGQIQASLGSSGGMANQTDAEQPKEELEKHHSTPEEEKQSTLSLHSSSEEDFYMDEQRAVSSASINSSLSGSRALSNTNMSDPASKPNSLVQHLYAPVFDRMDVLMKQLDEIIRK	709	78981	4.34	343.819143029611
19	BEM1	P29366	BEM1	MLKNFKLSKRDSNGSKGRITSADISTPSHDNGSVIKHIKTVPVRYLSSSSTPVKSQRDSSPKNRHNSKDITSPEKVIKAKYSYQAQTSKELSFMEGEFFYVSGDEKDWYKASNPSTGKEGVVPKTYFEVFDRTKPSSVNGSNSSSRKVTNDSLNMGSLYAIVLYDFKAEKADELTTYVGENLFICAHHNCEWFIAKPIGRLGGPGLVPVGFVSIIDIATGYATGNDVIEDIKSVNLPTVQEWKSNIARYKASNISLGSVEQQQQQSITKPQNKSAKLVDGELLVKASVESFGLEDEKYWFLVCCELSNGKTRQLKRYYQDFYDLQVQLLDAFPAEAGKLRDAGGQWSKRIMPYIPGPVPYVTNSITKKRKEDLNIYVADLVNLPDYISRSEMVHSLFVVLNNGFDREFERDENQNNIKTLQENDTATFATASQTSNFASTNQDNTLTGEDLKLNKKLSDLSLSGSKQAPAQSTSGLKTTKIKFYYKDDIFALMLKGDTTYKELRSKIAPRIDTDNFKLQTKLFDGSGEEIKTDSQVSNIIQAKLKISVHDI	551	61605	8.71	1036.56223403127
20	MLF3	P32047	MLF3	MCVYKSNSNNSNPSFIFERTVQEASSNDLFLQPPVSASNTSHSSRSNSFYNLQTISPIPISGSEVRTPSLRKNSNNVSSPLDNVIPTSRSASNSTTSSLAHQEYILNPICNMQNHHHRRRTLENSVAPALDASCSIVNDENTDLSDVDMVYSRRPSSAVSLNMALLARTNSATLPSSESSPASPDLKLSRSHSHSAATRPTLNNINNTGMTTTTSNGEPNSRILRFYSYVDMLNDEKLAQANNTPTSRPPMKSQAYSCPFILKRSPPQAYSSSSATTTFSNPFIKTTELPATSPYVSPQQSARQYSNNANNNAKSPKNRSSSILFQRQSILSNVDPVANMHKNPKFQIESSDSEEEDLTMDMLDPSFPLSSSLRSSANLASNPELATQTPLSTSSSYTAIGKPMPLSTDPSYVSSSNTLSSEHELRVEKVSEVLKKKVSNGGFSTEFNSCDT	452	49210	7.68	368.943260919231
21	MSB2	P32334	MSB2	MQFPFACLLSTLVISGSLARASPFDFIFGNGTQQAQSQSESQGQVSFTNEASQDSSTTSLVTAYSQGVHSHQSATIVSATISSLPSTWYDASSTSQTSVSYASQESDYAVNQNSWSASTNQLPSTSTTSYYAPTFSTSADFAASSVNAASDVSTASVPIDTSANSIPFTTTSNIETTTSAPLTSDTPLISTSTMSAADNVFSSANPISASLTTTDSSESFDQTSTAGAIPVQSSADFSSSSEILVQSSADFSSPSSPTTTDISLSAAPLQTSESSSFTTASAALPVSSTDVDGSSASPVVSMSAAGQIASSSSTDNPTMSETFSLTSTEVDGSDVSSTVSALLSAPFLQTSTSNSFSIVSPSVSFVPSQSSSDVASSSTANVVSSSFSDIPPQTSTSGSVVSVAQSASALAFQSSTEVYGASASSTMSSLLSTTSLQSTTLDSSSLASSSASSSDLTDYGVSSTASIPLLSASEQASTSSSFSVVSPSVSFVPSQSSSDVASTSAPSVVSSSFSYTSLQAGGSSMTNPSSSTIVYSSSTGSSEESAASTASATLSGSSSTYMAGNLQSQPPSTSSLLSESQATSTSAVLASSSVSTTSPYTTAGGASTEASSLISSTSAETSQVSYSQSTTALQTSSFASSSTTEGSETSSQGFSTSSVLVQMPSSISSEFSPSQTTTQMNSASSSSQYTISSTGILSQVSDTSVSYTTSSSSVSQVSDTPVSYTTSSSSVSQVSDTPVSYTTSSSSVSQVSDTPVSYTTSSSSVSQVSDTPVSYTTSSSSVSQVSDTSVPSTSSRSSVSQVSDTPVPSTSSRSSVSQTSSSLQPTTTSSQRFTISTHGALSESSSVSQQASEITSSINATASEYHSIQTTAATQSTTLSFTDANSSSASAPLEVATSTPTPSSKASSLLLTPSTSSLSQVATNTNVQTSLTTESTTVLEPSTTNSSSTFSLVTSSDNNWWIPTELITQAPEAASTASSTVGGTQTMTLPHAIAAATQVPEPEGYTLITIGFKKALNYEFVVSEPKSSAQIFGYLPEALNTPFKNVFTNITVLQIVPLQDDSLNYLVSVAEVYFPTAEIEELSNLITNSSSAFYTDGMGTAKSMAAMVDSSIPLTGLLHDSNSNSGGSSDGSSSSNSNSGSSGSGSNSNSGVSSSSGNSYQDAGTLEYSSKSNSNVSTSSKSKKKIIGLVIGVVVGGCLYILFMIFAFKYIIRRRIQSQEIIKNPEISSISSSEFGGEKNYNNEKRMSVQESITQSMRIQNWMDDSYYGHGLTNNDSTPTRHNTSSSIPKISRPIASQNSLGWNEV	1306	133115	4.06	4.05343679998614
22	CDC12	P32468	CDC12	MSAATATAAPVPPPVGISNLPNQRYKIVNEEGGTFTVMLCGESGLGKTTFINTLFQTVLKRADGQQHRQEPIRKTVEIDITRALLEEKHFELRVNVIDTPGFGDNVNNNKAWQPLVDFIDDQHDSYMRQEQQPYRTKKFDLRVHAVLYFIRPTGHGLKPIDIETMKRLSTRANLIPVIAKADTLTAQELQQFKSRIRQVIEAQEIRIFTPPLDADSKEDAKSGSNPDSAAVEHARQLIEAMPFAIVGSEKKFDNGQGTQVVARKYPWGLVEIENDSHCDFRKLRALLLRTYLLDLISTTQEMHYETYRRLRLEGHENTGEGNEDFTLPAIAPARKLSHNPRYKEEENALKKYFTDQVKAEEQRFRQWEQNIVNERIRLNGDLEEIQGKVKKLEEQVKSLQVKKSHLK	407	46668	7.77	5657.9709155299
23	PAN1	P32521	PAN1	MYNPYQQQGMGYQQQQQQQQQQPNGFYPQQQQGQSSNQPQGQPQPQQQMAFNQPQATGIGGMPQSFGNSFSSMPQQPQTGYNNNGNNGSVYGNGNFGQQPQQQQQQAKPQHTGYVPNSSMPMMNTTGTMPPPNPAQQPQLQSIQPQGTGYYQAANTANVHSVQPLQSQGTGYYVSTPNLISSNQTQQPLQAQGTGYYQSQPQQVPPPQQAQSLQPLKPQQTGFYLQPQNQAPLEPLKPTATGFVNSFANNGLNNDIKIPAIRLSFITAQDQAKFETLFRSIVTNGSNTVSGANCRKILMRSGLPPSQLARIWTLCDTSKAGELLFPEFALAMHLINDVLQGDTIPYELDSKTKNEVSSFIDAINLSIANQDSSANDAPKTPFDEFITAGVQNLQPQPTGYMPQTSFGIPLQSQITGGGVASALNPQSTGFMAPTTFNMSMNTGTPGLNPQITGGAPASMQPNITGNALQPQTTGMMPQTTGMMPQTTGMMPQTSFGVNLGPQLTGGALQSQYTGGYGSVMPQQSGPASMPNLSFNQQGLQSQLTGLQPQPTGFLPPSNFSATMPLTAQKTGFGNNEIYTKSNFNNNLIDNSSQDKISTEEKSLFYKIFETFDTQNKGLLDSPTAVEIFRKSGLNRADLEQIWNLCDINNTGQLNKQEFALGMHLVYGKLNGKPIPNVLPSSLIPSSTKLLDNLKNQLKTEPTTTKEKPSFGKIDALSYKNNDDDVLPNYRNRRKVYSAKNEEQSSFSSPSAKSVNHSSSTLQTDDISVDKTVEKKTAKPKYAGFSREINLKNIASLENEIKNISNPENCYDSSIPSDLTSRFDAIIAKLPNLFNEISTIDNEITNAKIQLYRKKNPSSIIGSGPNGEITENDRKKAKSRALLRARMSALTGKSTESEDSLSMEDEQQSAEIKRIQQENGKNQEIIKDIRSSISDISASLKSTMTGSNMISNQEFERWEFGIGLEDGVREFLDDLKSNSNKSVTESSPFVPSSTPTPVDDRSSSPSYSQFKTAEERAAYLKEQAKKRMKEKLAKFDKNRRNVTQSSRSISSENSREQPQQIAGSSNLVEPRATPFQEEKYVEVAQPTQPVQSTQPVQPTQPVQPTQPVQPTQPVQPTQPVQPTQPVQNVYNAKQESDDEDEDDEEKRLQEELKRLKLKKKADKEKRLAALRKQIEDAQNESDEEETNGKDNFGGHVNVPQAAPVAPSAAFSQNSTNAPRSVHAAVTPAAGKNSTGLPSTTMGHNPYFKDASASSTSTFDARAAEMQRRIQRGLDEDEDDGWSDEDESNNRVAVDNKVEEAKIGHPDHARAPPVTAAPLPSVTPVPPAVPVPQANTSNEKSSPIPIAPIPPSVTQEPPVPLAPPLPAVDGFQEPPIPSAPAIATAVQKSGSSTPALAGGVLPPPPPLPTQQASTSEPIIAHVDNYNGAEKGTGAYGSDSDDDVLSIPESVGTDEEEEGAQPVSTAGIPSIPPAGIPPPPPLP	1480	160267	5.17	3357.35947627467
24	GLC7	P32598	GLC7	MDSQPVDVDNIIDRLLEVRGSKPGQQVDLEENEIRYLCSKARSIFIKQPILLELEAPIKICGDIHGQYYDLLRLFEYGGFPPESNYLFLGDYVDRGKQSLETICLLLAYKIKYPENFFILRGNHECASINRIYGFYDECKRRYNIKLWKTFTDCFNCLPIAAIIDEKIFCMHGGLSPDLNSMEQIRRVMRPTDIPDVGLLCDLLWSDPDKDIVGWSENDRGVSFTFGPDVVNRFLQKQDMELICRAHQVVEDGYEFFSKRQLVTLFSAPNYCGEFDNAGAMMSVDESLLCSFQILKPAQKSLPRQAGGRKKK	312	35907	5.31	7558.30359922945
25	TOR2	P32600	TOR2	MNKYINKYTTPPNLLSLRQRAEGKHRTRKKLTHKSHSHDDEMSTTSNTDSNHNGPNDSGRVITGSAGHIGKISFVDSELDTTFSTLNLIFDKLKSDVPQERASGANELSTTLTSLAREVSAEQFQRFSNSLNNKIFELIHGFTSSEKIGGILAVDTLISFYLSTEELPNQTSRLANYLRVLIPSSDIEVMRLAANTLGRLTVPGGTLTSDFVEFEVRTCIDWLTLTADNNSSSSKLEYRRHAALLIIKALADNSPYLLYPYVNSILDNIWVPLRDAKLIIRLDAAVALGKCLTIIQDRDPALGKQWFQRLFQGCTHGLSLNTNDSVHATLLVFRELLSLKAPYLRDKYDDIYKSTMKYKEYKFDVIRREVYAILPLLAAFDPAIFTKKYLDRIMVHYLRYLKNIDMNAANNSDKPFILVSIGDIAFEVGSSISPYMTLILDNIREGLRTKFKVRKQFEKDLFYCIGKLACALGPAFAKHLNKDLLNLMLNCPMSDHMQETLMILNEKIPSLESTVNSRILNLLSISLSGEKFIQSNQYDFNNQFSIEKARKSRNQSFMKKTGESNDDITDAQILIQCFKMLQLIHHQYSLTEFVRLITISYIEHEDSSVRKLAALTSCDLFIKDDICKQTSVHALHSVSEVLSKLLMIAITDPVAEIRLEILQHLGSNFDPQLAQPDNLRLLFMALNDEIFGIQLEAIKIIGRLSSVNPAYVVPSLRKTLLELLTQLKFSNMPKKKEESATLLCTLINSSDEVAKPYIDPILDVILPKCQDASSAVASTALKVLGELSVVGGKEMTRYLKELMPLIINTFQDQSNSFKRDAALTTLGQLAASSGYVVGPLLDYPELLGILINILKTENNPHIRRGTVRLIGILGALDPYKHREIEVTSNSKSSVEQNAPSIDIALLMQGVSPSNDEYYPTVVIHNLMKILNDPSLSIHHTAAIQAIMHIFQNLGLRCVSFLDQIIPGIILVMRSCPPSQLDFYFQQLGSLISIVKQHIRPHVEKIYGVIREFFPIIKLQITIISVIESISKALEGEFKRFVPETLTFFLDILENDQSNKRIVPIRILKSLVTFGPNLEDYSHLIMPIVVRMTEYSAGSLKKISIITLGRLAKNINLSEMSSRIVQALVRILNNGDRELTKATMNTLSLLLLQLGTDFVVFVPVINKALLRNRIQHSVYDQLVNKLLNNECLPTNIIFDKENEVPERKNYEDEMQVTKLPVNQNILKNAWYCSQQKTKEDWQEWIRRLSIQLLKESPSACLRSCSSLVSVYYPLARELFNASFSSCWVELQTSYQEDLIQALCKALSSSENPPEIYQMLLNLVEFMEHDDKPLPIPIHTLGKYAQKCHAFAKALHYKEVEFLEEPKNSTIEALISINNQLHQTDSAIGILKHAQQHNELQLKETWYEKLQRWEDALAAYNEKEAAGEDSVEVMMGKLRSLYALGEWEELSKLASEKWGTAKPEVKKAMAPLAAGAAWGLEQWDEIAQYTSVMKSQSPDKEFYDAILCLHRNNFKKAEVHIFNARDLLVTELSALVNESYNRAYNVVVRAQIIAELEEIIKYKKLPQNSDKRLTMRETWNTRLLGCQKNIDVWQRILRVRSLVIKPKEDAQVRIKFANLCRKSGRMALAKKVLNTLLEETDDPDHPNTAKASPPVVYAQLKYLWATGLQDEALKQLINFTSRMAHDLGLDPNNMIAQSVPQQSKRVPRHVEDYTKLLARCFLKQGEWRVCLQPKWRLSNPDSILGSYLLATHFDNTWYKAWHNWALANFEVISMLTSVSKKKQEGSDASSVTDINEFDNGMIGVNTFDAKEVHYSSNLIHRHVIPAIKGFFHSISLSESSSLQDALRLLTLWFTFGGIPEATQAMHEGFNLIQIGTWLEVLPQLISRIHQPNQIVSRSLLSLLSDLGKAHPQALVYPLMVAIKSESLSRQKAALSIIEKMRIHSPVLVDQAELVSHELIRMAVLWHEQWYEGLDDASRQFFGEHNTEKMFAALEPLYEMLKRGPETLREISFQNSFGRDLNDAYEWLMNYKKSKDVSNLNQAWDIYYNVFRKIGKQLPQLQTLELQHVSPKLLSAHDLELAVPGTRASGGKPIVKISKFEPVFSVISSKQRPRKFCIKGSDGKDYKYVLKGHEDIRQDSLVMQLFGLVNTLLQNDAECFRRHLDIQQYPAIPLSPKSGLLGWVPNSDTFHVLIREHREAKKIPLNIEHWVMLQMAPDYDNLTLLQKVEVFTYALNNTEGQDLYKVLWLKSRSSETWLERRTTYTRSLAVMSMTGYILGLGDRHPSNLMLDRITGKVIHIDFGDCFEAAILREKFPEKVPFRLTRMLTYAMEVSGIEGSFRITCENVMKVLRDNKGSLMAILEAFAFDPLINWGFDLPTKKIEEETGIQLPVMNANELLSNGAITEEEVQRVENEHKNAIRNARAMLVLKRITDKLTGNDIRRFNDLDVPEQVDKLIQQATSVENLCQHYIGWCPFW	2474	281568	7.25	202.233322554996
26	DNF1	P32660	DNF1	MSGTFHGDGHAPMSPFEDTFQFEDNSSNEDTHIAPTHFDDGATSNKYSRPQVSFNDETPKNKREDAEEFTFNDDTEYDNHSFQPTPKLNNGSGTFDDVELDNDSGEPHTNYDGMKRFRMGTKRNKKGNPIMGRSKTLKWARKNIPNPFEDFTKDDIDPGAINRAQELRTVYYNMPLPKDMIDEEGNPIMQYPRNKIRTTKYTPLTFLPKNILFQFHNFANVYFLVLIILGAFQIFGVTNPGLSAVPLVVIVIITAIKDAIEDSRRTVLDLEVNNTKTHILEGVENENVSTDNISLWRRFKKANSRLLFKFIQYCKEHLTEEGKKKRMQRKRHELRVQKTVGTSGPRSSLDSIDSYRVSADYGRPSLDYDNLEQGAGEANIVDRSLPPRTDCKFAKNYWKGVKVGDIVRIHNNDEIPADIILLSTSDTDGACYVETKNLDGETNLKVRQSLKCTNTIRTSKDIARTKFWIESEGPHSNLYTYQGNMKWRNLADGEIRNEPITINNVLLRGCTLRNTKWAMGVVMFTGGDTKIMLNSGITPTKKSRISRELNFSVVINFVLLFILCFVSGIANGVYYDKKGRSRFSYEFGTIAGSAATNGFVSFWVAVILYQSLVPISLYISVEIIKTAQAAFIYGDVLLYNAKLDYPCTPKSWNISDDLGQVEYIFSDKTGTLTQNVMEFKKCTINGVSYGRAYTEALAGLRKRQGIDVETEGRREKAEIAKDRDTMIDELRALSGNSQFYPEEVTFVSKEFVRDLKGASGEVQQRCCEHFMLALALCHSVLVEANPDNPKKLDLKAQSPDEAALVATARDVGFSFVGKTKKGLIIEMQGIQKEFEILNILEFNSSRKRMSCIVKIPGLNPGDEPRALLICKGADSIIYSRLSRQSGSNSEAILEKTALHLEQYATEGLRTLCIAQRELSWSEYEKWNEKYDIAAASLANREDELEVVADSIERELILLGGTAIEDRLQDGVPDCIELLAEAGIKLWVLTGDKVETAINIGFSCNLLNNEMELLVIKTTGDDVKEFGSEPSEIVDALLSKYLKEYFNLTGSEEEIFEAKKDHEFPKGNYAIVIDGDALKLALYGEDIRRKFLLLCKNCRAVLCCRVSPSQKAAVVKLVKDSLDVMTLAIGDGSNDVAMIQSADVGIGIAGEEGRQAVMCSDYAIGQFRYLARLVLVHGRWSYKRLAEMIPEFFYKNMIFALALFWYGIYNDFDGSYLYEYTYMMFYNLAFTSLPVIFLGILDQDVNDTISLVVPQLYRVGILRKEWNQRKFLWYMLDGLYQSIICFFFPYLVYHKNMIVTSNGLGLDHRYFVGVYVTTIAVISCNTYVLLHQYRWDWFSGLFIALSCLVVFAWTGIWSSAIASREFFKAAARIYGAPSFWAVFFVAVLFCLLPRFTYDSFQKFFYPTDVEIVREMWQHGHFDHYPPGYDPTDPNRPKVTKAGQHGEKIIEGIALSDNLGGSNYSRDSVVTEEIPMTFMHGEDGSPSGYQKQETWMTSPKETQDLLQSPQFQQAQTFGRGPSTNVRSSLDRTREQMIATNQLDNRYSVERARTSLDLPGVTNAASLIGTQQNN	1571	177798	5.73	754.450700704993
27	BEM3	P32873	BEM3	MTDNLTTTHGGSTTLELLAQYNDHRSKKDKSIEHIEKGTCSGKERNPSYDEIFTENIKLKLQVQEYETEIESLEKVIDMLQKNREASLEVVLEQVQNDSRDSYVNDQSFVLPPRSAERKAHIKSLNLPIPTLSPPLQQGSDVALETSVTPTVPQIGVTSNTSISRKHLQNMILNDEIEANSSFSSPKIINRSVSSPTKIHSEQLASPAASVTYTTSRITIKSPNKGSKSPLQERLRSPQNPNRMTAVINNHLHSPLKASTSNNLDELTESKSQQLTNDAIQKNDRVYSSITSSAYTTGTPTSAAKSPSSLLEVKEGENKALGFSPASKEKLDDFTQLLDSSFGEEDLVNTDSKDPLSIKSTINESLPPPPAPPTFFSPTSSGNIKNSTPLSSHLASPVILNKKDDNFGAQSAKNLKKPVLTSSLPNLSTKLSTTSQNASLPPNPPVESSSKQKQLGETASIHSTNTLNTFSSTPQGSLKTLRRPHASSVSTVKSVAQSLKSDIPLFVQPEDFGTIQIEVLSTLYRDNEDDLSILIAIIDRKSGKEMFKFSKSIHKVRELDVYMKSHVPDLPLPTLPDRQLFQTLSPTKVDTRKNILNQYYTSIFSVPEFPKNVGLKIAQFISTDTVMTPPMMDDNVKDGSLLLRRPKTLTGNSTWRVRYGILRDDVLQLFDKNQLTETIKLRQSSIELIPNLPEDRFGTRNGFLITEHKKSGLSTSTKYYICTETSKERELWLSAFSDYIDPSQSLSLSSSRNANDTDSASHLSAGTHHSKFGNATISATDTPSYVTDLTQEYNNNNNISNSSNNIANSDGIDSNPSSHSNFLASSSGNAEEEKDSRRAKMRSLFPFKKLTGPASAMNHIGITISNDSDSPTSPDSIIKSPSKKLMEVSSSSNSSTGPHVSTAIFGSSLETCLRLSSHKYQNVYDLPSVVYRCLEYLYKNRGIQEEGIFRLSGSSTVIKTLQERFDKEYDVDLCRYNESIEAKDDEASPSLYIGVNTVSGLLKLYLRKLPHLLFGDEQFLSFKRVVDENHNNPVQISLGFKELIESGLVPHANLSLMYALFELLVRINENSKFNKMNLRNLCIVFSPTLNIPISMLQPFITDFACIFQGGEPVKEEEREKVDIHIPQV	1128	124913	6.38	599.343501474638
28	BUD2	P33314	BUD2	MSSNNEPAQSRTSYFKLNEFLSNVKHYKNTFKGEIQWCNNLSLNDWKTHYLQITSTGALTHSIDELTADSTNIQPIIKHLQQCRIEIIKDKHSSFKDINANCNFIIQVNTSGKDNKVYLRVKSWSDFKKLLTCLIWWSSMKTNGIFNKFQVSRPLEFKSKKMAKPESLLVYKLNVFGPIVKNIVLPPATNILESPDIINNDDNSVGWFSAMGVLKSNGMLDLLLQSDGSLIYSLNISQLLRSEIRILDSSVLQSENSLFLGELPLLRSQLGLEKFRIENIASAATNSSDISQEIIVEFPLRIDLEDCFIALQSFARSEYLSITGSDKSNDMKISNSFKISILEANFQSINLNDKNNTPWSIFTDITAWGHTWARTSMVSNSSNPFWREEFQFNELLRLTNSYLEIKQLFHDLNNKKRLRLIGKIKITQEIINDTRYNKETRLPIMDVDNKNFQIGTICIKISSNLNFILPSTNFVKLEKLLMNANLSMVSNLIYKSSSSMENDNKLTQTSIIFLDIFQSLSRIEEWFHVLIDKELAKIDGTVSRINQKNLDSKHVFNSLFRGNSILTKSIEQYFFRVGNEYLSKALSAILKEIIESNKSCELDPARVKEKDEVKKRKIIADNYKRLYSWVTKIWKRLYATSNDLPIEIRNVLKIFRQKLEIICIDDTLQIILNGISGLLFLRFFCPVILNPKLFKYVSQNLNETARRNLTLISKVLLNLSTLTQFANKEPWLMKMNNFIDKRHNDLLDYIDKMTQKKLDFNSKILNLSSTISRPKLAIEQTMLDDLPQIPYLLDKNLRETEFVNLIVNFSQEDMTKMEKYNHMDNGGKGELIEEEGLLSGSSLNLSVDKKDLDSPIEVKPEIGELEFEKITENNTEIFGDDLMNLLKSDDVGSRSRDLDNGANSGIKFNSIIPKAEEEKHAMKELEQESCLLYNRINHIRKRLSGYECASSTLFEDKKYSISLSHKIFYEEIKEGKEIVLKLLNKPTNENSSARLQKFFTKGVSSKSNNTVGDSYCKFLTIDVSDENPKSSNKTSVHGTSSENGAKDDYLTLPNSQGKGNLGNRFSPTKLSRIMRKPPNADVPKEQNSRKLTRWFKKKKETGGS	1104	126663	8.9	234.363625456263
29	NIP100	P33420	NIP100	MRNAGVQVDTNMQKISLQDTVLVNEMKGRVKFIGETQFAKGIWYGIELDKPLGKNDGSANGIRYFDIDLKKANSNGGYYGLFCKKDTLQFYKPDDDEHSLLNGNAAQETIKNLQVKCESLASKLNKIKIENHELKTSVEKLSTNETVLLSKISRLDKLVKELKVENGNMKTHLDNFNHLLDASDSVMAPDLDKGTLLERSHLLQGLLDQTKLSYDKAMKVQEDLLEENTQLLEENAVLSKKISDLGLQLQQTNNTIGDLALQIEAQSKSSNIVDKLTNDNILLTSNIKALNNELEELQAKEKLDENLRITYEQLEQELRLQLSNLQSALENEKEIAGTYIEENSRLKATLESIEAKTSHKFQSLELKVNTLQEELYQNKLLKKFYQIYEPFAQPHLAALSSQLQYLAEVIESENFGKLENIEIHIILKVLSSISYALHIYTIKNTPDHLETTLQCFKVNIAPISMWLSEFLQRKFSSKQETAFSICQFLEDNKFLDKDVTLILKILHPILETTVPKLLAFLRTNSNFNDNDTLCLIGSLYERSLSLIARIDKLIGKEEISKQDNRLFLYPSCDITLSSILTILFSDALFLRQDYKRISSLKKLEVFFQGIESLLENITIFPEQPSQQTSDSESQCNIKEGNFSNSLLSDRLNEENIRLKEVLVQKENMLTELETKIKIIIGRDLERKTLEENIKTLKVELNNKNEENCGKTEILNKLKEENFNLVNRLKNMELKLYQIKDNNTLNKIYLDREKVDRVNLVSEIMELRETIRRQIKEQKRVSIDFSWLDELPAVENKQPFKEHINHSLDTLGIEMFNFVSTSRILDLKLDQPLAEDELWHERDHSYISYLKRKRKNIRLKSQNVVTYYK	868	100290	5.62	30.4418320879684
30	HES1	P35843	HES1	MSQHASSSSWTSFLKSISSFNGDLSSLSAPPFILSPTSLTEFSQYWAEHPALFLEPSLIDGENYKDHCPFDPNVESKEVAQMLAVVRWFISTLRSQYCSRSESMGSEKKPLNPFLGEVFVGKWKNDEHPEFGETVLLSEQVSHHPPMTAFSIFNEKNDVSVQGYNQIKTGFTKTLTLTVKPYGHVILKIKDETYLITTPPLHIEGILVASPFVELGGRSFIQSSNGMLCVIEFSGRGYFTGKKNSFKARIYRSPQEHSHKENALYLISGQWSGVSTIIKKDSQVSHQFYDSSETPTEHLLVKPIEEQHPLESRRAWKDVAEAIRQGNISMIKKTKEELENKQRALREQERVKGVEWQRRWFKQVDYMNENTSNDVEKASEDDAFRKLASKLQLSVKNVPSGTLIGGKDDKKDVSTALHWRFDKNLWMRENEITI	434	49505	6.72	
31	KES1	P35844	KES1	MSQYASSSSWTSFLKSIASFNGDLSSLSAPPFILSPISLTEFSQYWAEHPELFLEPSFINDDNYKEHCLIDPEVESPELARMLAVTKWFISTLKSQYCSRNESLGSEKKPLNPFLGELFVGKWENKEHPEFGETVLLSEQVSHHPPVTAFSIFNDKNKVKLQGYNQIKASFTKSLMLTVKQFGHTMLDIKDESYLVTPPPLHIEGILVASPFVELEGKSYIQSSTGLLCVIEFSGRGYFSGKKNSFKARIYKDSKDSKDKEKALYTISGQWSGSSKIIKANKKEESRLFYDAARIPAEHLNVKPLEEQHPLESRKAWYDVAGAIKLGDFNLIAKTKTELEETQRELRKEEEAKGISWQRRWFKDFDYSVTPEEGALVPEKDDTFLKLASALNLSTKNAPSGTLVGDKEDRKEDLSSIHWRFQRELWDEEKEIVL	434	49492	5.73	21166.026263704
32	SWH1	P35845	SWH1	MEQPDLSSVAISKPLLKLKLLDALRQGSFPNLQDLLKKQFQPLDDPNVQQVLHLMLHYAVQVAPMAVIKEIVHHWVSTTNTTFLNIHLDLNERDSNGNTPLHIAAYQSRGDIVAFLLDQPTINDCVLNNSHLQAIEMCKNLNIAQMMQVKRSTYVAETAQEFRTAFNNRDFGHLESILSSPRNAELLDINGMDPETGDTVLHEFVKKRDVIMCRWLLEHGADPFKRDRKGKLPIELVRKVNENDTATNTKIAIDIELKKLLERATREQSVIDVTNNNLHEAPTYKGYLKKWTNFAQGYKLRWFILSSDGKLSYYIDQADTKNACRGSLNMSSCSLHLDSSEKLKFEIIGGNNGVIRWHLKGNHPIETNRWVWAIQGAIRYAKDREILLHNGPYSPSLALSHGLSSKVSNKENLHATSKRLTKSPHLSKSTLTQNDHDNDDDSTNNNNNKSNNDYDDNNNNNNNDDDDYDDDDESRPLIEPLPLISSRSQSLSEITPGPHSRKSTVSSTRAADIPSDDEGYSEDDSDDDGNSSYTMENGGENDGDEDLNAIYGPYIQKLHMLQRSISIELASLNELLQDKQQHDEYWNTVNTSIETVSEFFDKLNRLTSQREKRMIAQMTKQRDVNNVWIQSVKDLEMELVDKDEKLVALDKERKNLKKMLQKKLNNQPQVETEANEESDDANSMIKGSQESTNTLEEIVKFIEATKESDEDSDADEFFDAEEAASDKKANDSEDLTTNKETPANAKPQEEAPEDESLIVISSPQVEKKNQLLKEGSFVGYEDPVRTKLALDEDNRPKIGLWSVLKSMVGQDLTKLTLPVSFNEPTSLLQRVSEDIEYSHILDQAATFEDSSLRMLYVAAFTASMYASTTNRVSKPFNPLLGETFEYARTDGQYRFFTEQVSHHPPISATWTESPKWDFYGECNVDSSFNGRTFAVQHLGLWYITIRPDHNISVPEETYSWKKPNNTVIGILMGKPQVDNSGDVKVTNHTTGDYCMLHYKAHGWTSAGAYEVRGEVFNKDDKKLWVLGGHWNDSIYGKKVTARGGELTLDRIKTANSATGGPKLDGSKFLIWKANERPSVPFNLTSFALTLNALPPHLIPYLAPTDSRLRPDQRAMENGEYDKAAAEKHRVEVKQRAAKKEREQKGEEYRPKWFVQEEHPVTKSLYWKFNGEYWNKRKNHDFKDCADIF	1188	135098	5.35	504.639890173298
33	MYO3	P36006	MYO3	MAVIKKGARRKDVKEPKKRSAKIKKATFDANKKKEVGISDLTLLSKISDESINENLKKRFKNGIIYTYIGHVLISVNPFRDLGIYTNAVLESYKGKNRLEVPPHVFAIAESMYYNLKSYNENQCVIISGESGAGKTEAAKRIMQYIAAASNSHSESIGKIKDMVLATNPLLESFGCAKTLRNNNSSRHGKYLEIKFNSQFEPCAGNITNYLLEKQRVVGQIKNERNFHIFYQFTKGASDTYKQMFGVQMPEQYIYTAAAGCTTADTIDDVKDYEGTLEAMRTIGLVQEEQDQIFRMLAAILWIGNISFIENEEGNAQVGDTSVTDFVAYLLQVDASLLVKCLVERIMQTSHGMKRGSVYHVPLNPVQATAVRDALAKAIYNNLFDWIVDRVNVSLQAFPGADKSIGILDIYGFEIFEHNSFEQICINYVNEKLQQIFIQLTLKAEQETYEREKIKWTPIKYFDNKVVCDLIEAKNPPGILAAMNDSIATAHADSNAADQAFAQRLNLFNSNPYFELRANKFVIKHYAGDVTYDINGITDKNKDQLQKDLIELIGTTTNTFLSTIFPDDVDKDSKRRPPTAGDKIIKSANELVETLSKAEPSYIRTIKPNQTKSPNDYDDHQVLHQVKYLGLQENVRIRRAGFAYRQTFEKFVERFYLLSPDCSYAGDYTWDGDTLEAVKLILRDAMIPEKEFQLGVTSVFIKTPESLFALEDMRDKYWYNMAARIQRAWRRFLQRRIDAAIKIQRTIREKKGGNKYVKLRDYGTKLLAGKKERRSMSLLGYRAFMGDYLSCNESKTKGSYIRRQVGIKDKVVFSIKGECLHSKFGRSAQRLKKVFILTKKTFYIIGQTREQNAMKYTQDYKIDVGKIKQVSLTNLQDDWMGVILVNSTQSDPLINTPFKTELMTRLKKLNEKIMIKVGPTIEYHKQPNKLHTVRSKISDSAPKYGDIYKSSTIYVRRGHPANSKSNKKPKNPGGLSGKPIKSKKSKHKSTHKHTHSHRSHRDAAKKQPLPSQKPVNPLSLAATAAQAAYNPKPDKTVPIKSSAIPAAKVSSKHSSKPSSKEKVAVKKASSSHKSSSAKQNQVSMPPSKGVEKNKEPLKETTATATANIPIPPPPPPMGQPKDPKFEAAYDFPGSGSSSELPLKKGDIVFISRDEPSGWSLAKLLDGSKEGWVPTAYMTPYKDTRNTVPVAATGAVNDVTNQKSSQIDNTISSAQEGVQFGSATVGPTSDNQSNPVGTFSDGLASALAARANKMRAESADDDDNDDGDDDDDW	1272	142451	9.39	1840.56715909628
34	DYN1	P36022	DYN1	MCKNEARLANELIEFVAATVTGIKNSPKENEQAFIDYLHCQYLERFQFFLGLLDGREFDTLFVFLFEELDRTIVTIDIGEEAIYDANLANKKYSTLLIIKSRSVIVDAEPIATQISAIYLPGPVNAGNLASIITHGVSSVFGQLIKSDTKTYSVETIDKTRRKLDDISKQFQQLHTSIETPDLLAMVPSIIKLAVSKGATSHDYANYLPSNDLESMRFLNILQSIANKWFLVLKQTLAIDRDIKNGSFLDEVEFWSNFYEVLKSLIEQTQSQEFQVCLSVLTNAKRFHNLTNLLNEGSLSDKFKLADKYNQFLSSIPIDEVRQASNLEDLQELFPVLASSLKKFRYSGYPVQRFVVLMDKISQEVMDAILSNLSDLFQLEYGSFLGLYEKSAGMIEEWDDIVQDVNLLIREDLRKRAPQELLIQKLTFTSASVKATLDEILSTRKRFFSLAETIKSISPSTYHEEIQRLYHPFEQIHDISVNFRLKLEQAESEFSKNMLDLEKKLQNTLASFMDSDHCPTEKLSYLVKFKPLMELCPRIKVKVLENQQILLLEIKKDIRQLETGLELLPKILHVEALNNIPPISARISYFLNVQSRIDNIVQYLEALFGSNWNDTLEGRSISTSIVQLRKETNPHDVFLHWLGNFPEKATANLLTTPILKLIRNNEDDYELKVNFDFALAAAYSELRSLTYMAFQVPSHIVRIARTYMYLYPRAINLVELIQTFFSLSKSLSYTFYTNIFLKRNVQTVWLLLQQILITPWESLQEESSEMSCSVHSLARLEKSIDGILSDYQILKNSEPQFAKEFSGLKSFDGTADDLHEVEEIISNIQAIFENLFTKGLTNVSDHISTFNNLIISIILEKVRLNLKKMHFPKHVLKLSFNEGRITSSPSLAAMKRSLLKDIEALLNKVVLINFLHDPDHPLSTTLTFNSLVIKLKDDIQNCIEQVQNLHCKINSYVKEWQKMEFLWQITEEAFLEVVDNSTQRCFGILKGLLDSQSKFDLIISRNNFSKNLVLHTEDAQRHIRSKMDSWILYVSKHLLTIYERDARKLHEDMNRDREAVEDMDINFTSLKNITVIIEAVNVNKRHLTERDIQIKLLGSVMRALTKLKVRFPSHFVYIDQLDNDFSSLRQSLSYVEQELQKHRVVIAKSLEEGVENINNLSQSLNESWSVRKPISPTLTPPEALKILEFFNESITKLKKKMHSVAAAAKMLLIPVVLNDQLTHVVEEVKTYDLVWRSIKNLWEDVQRTFETPWCRVDVLLLQSDLANFLRRADELPRAVKQFEMYKSLFSQVNMLTSVNKILVELKDGALKPRHWNMIFRDIGKRQIQKNLLDKLEFSLKDVMVLNLTLNEILLTKIIERAQKEFVIEKSLNRIKKFWKEAQYEVIEHSSGLKLVREWDVLEQACKEDLEELVSMKASNYYKIFEQDCLDLESKLTKLSEIQVNWVEVQFYWLDLYGILGENLDIQNFLPLETSKFKSLTSEYKMITTRAFQLDTTIEVIHIPNFDTTLKLTIDSLKMIKSSLSTFLERQRRQFPRFYFLGNDDLLKIIGSGKHHDQVSKFMKKMFGSIESIIFLEDFITGVRSVEGEVLNLNEKIELKDSIQAQEWLNILDTEIKLSVFTQFRDCLGQLKDGTDIEVVVSKYIFQAILLSAQVMWTELVEKCLQTNQFSKYWKEVDMKIKGLLDKLNKSSDNVKKKIEALLVEYLHFNNVIGQLKNCSTKEEARLLWAKVQKFYQKNDTLDDLNSVFISQSGYLLQYKFEYIGIPERLIYTPLLLIGFATLTDSLHQKYGGCFFGPAGTGKTETVKAFGQNLGRVVVVFNCDDSFDYQVLSRLLVGITQIGAWGCFDEFNRLDEKVLSAVSANIQQIQNGLQVGKSHITLLEEETPLSPHTAVFITLNPGYNGRSELPENLKKSFREFSMKSPQSGTIAEMILQIMGFEDSKSLASKIVHFLELLSSKCSSMNHYHFGLRTLKGVLRNCSPLISEFGEGEKTVVESLKRVILPSLGDTDELVFKDELSKIFDSAGTPLNSKAIVQCLKDAGQRSGFSMSEEFLKKCMQFYYMQKTQQALILVGKAGCGKTATWKTVIDAMAIFDGHANVVYVIDTKVLTKESLYGSMLKATLEWRDGLFTSILRRVNDDITGTFKNSRIWVVFDSDLDPEYVEAMNSVLDDNKILTLPNGERLPIPPNFRILFETDNLDHTTPATITRCGLLWFSTDVCSISSKIDHLLNKSYEALDNKLSMFELDKLKDLISDSFDMASLTNIFTCSNDLVHILGVRTFNKLETAVQLAVHLISSYRQWFQNLDDKSLKDVITLLIKRSLLYALAGDSTGESQRAFIQTINTYFGHDSQELSDYSTIVIANDKLSFSSFCSEIPSVSLEAHEVMRPDIVIPTIDTIKHEKIFYDLLNSKRGIILCGPPGSGKTMIMNNALRNSSLYDVVGINFSKDTTTEHILSALHRHTNYVTTSKGLTLLPKSDIKNLVLFCDEINLPKLDKYGSQNVVLFLRQLMEKQGFWKTPENKWVTIERIHIVGACNPPTDPGRIPMSERFTRHAAILYLGYPSGKSLSQIYEIYYKAIFKLVPEFRSYTEPFARASVHLYNECKARYSTGLQSHYLFSPRELTRLVRGVYTAINTGPRQTLRSLIRLWAYEAWRIFADRLVGVKEKNSFEQLLYETVDKYLPNQDLGNISSTSLLFSGLLSLDFKEVNKTDLVNFIEERFKTFCDEELEVPMVIHESMVDHILRIDRALKQVQGHMMLIGASRTGKTILTRFVAWLNGLKIVQPKIHRHSNLSDFDMILKKAISDCSLKESRTCLIIDESNILETAFLERMNTLLANADIPDLFQGEEYDKLLNNLRNKTRSLGLLLDTEQELYDWFVGEIAKNLHVVFTICDPTNNKSSAMISSPALFNRCIINWMGDWDTKTMSQVANNMVDVIPMEFTDFIVPEVNKELVFTEPIQTIRDAVVNILIHFDRNFYQKMKVGVNPRSPGYFIDGLRALVKLVTAKYQDLQENQRFVNVGLEKLNESVLKVNELNKTLSKKSTELTEKEKEARSTLDKMLMEQNESERKQEATEEIKKILKVQEEDIRKRKEVVMKSIQDIEPTILEAQRGVKNIKKQQLTEIRSMVNPPSGVKIVMEAVCAILGYQFSNWRDIQQFIRKDDFIHNIVHYDTTLHMKPQIRKYMEEEFLSDPNFTYETINRASKACGPLYQWVNAQINFSKVLENVDPLRQEMKRIEFESLKTKANLLAAEEMTQDLEASIEVSKRKYSLLIRDVEAIKTEMSNVQANLDRSISLVKSLTFEKERWLNTTKQFSKTSQELIGNCIISSIYETYFGHLNERERADMLVILKRLLGKFAVKYDVNYRFIDYLVTLDEKMKWLECGLDKNDYFLENMSIVMNSQDAVPFLLDPSSHMITVISNYYGNKTVLLSFLEEGFVKRLENAIRFGSVVIIQDGEFFDPIISRLISREFNHAGNRVTVEIGDHEVDVSGDFKLFIHSCDPSGDIPIFLRSRVRLVHFVTNKESIETRIFDITLTEENAEMQRKREDLIKLNTEYKLKLKNLEKRLLEELNNSQGNMLENDELMVTLNNLKKEAMNIEKKLSESEEFFPQFDNLVEEYSIIGKHSVKIFSMLEKFGQFHWFYGISIGQFLSCFKRVFIKKSRETRAARTRVDEILWLLYQEVYCQFSTALDKKFKMIMAMTMFCLYKFDIESEQYKEAVLTMIGVLSESSDGVPKLTVDTNNDLRYLWDYVTTKSYISALNWFKNEFFVDEWNIADVVANSENNYFTMASERDVDGTFKLIELAKASKESLKIIPLGSIENLNYAQEEISKSKIEGGWILLQNIQMSLSWVKTYLHKHVEETKAAEEHEKFKMFMTCHLTGDKLPAPLLQRTDRFVYEDIPGILDTVKDLWGSQFFTGKISGVWSVYCTFLLSWFHALITARTRLVPHGFSKKYYFNDCDFQFASVYLENVLATNSTNNIPWAQVRDHIATIVYGGKIDEEKDLEVVAKLCAHVFCGSDNLQIVPGVRIPQPLLQQSEEEERARLTAILSNTIEPADSLSSWLQLPRESILNYERLQAKEVASSTEQLLQEM	4092	471348	5.9	39.7251018798931
35	PXL1	P36166	PXL1	MYNSIYGSPFPKINPKVRYKTALERAGFDTKPRNPFSSQRNASTGSLQASVKSPPITRQRNVSAAPSVPVTMKSAYTASSKSAYSSVKGESDIYPPPVLENSERRSVTPPKNSNFTSSRPSDISRSISRPSERASQEDPFRFERDLDRQAEQYAASRHTCKSPANKEFQAADNFPFNFEQEDAGNTEREQDLSPIERSFMMLTQNDTASVVNSMNQTDNRGVLDQKLGKEQQKEESSIEYESEGQQEDENDIESLNFEPDPKLQMNLENEPLQDDFPEAKQEEKNTEPKIPEINVTRESNTPSLTMNALDSKIYPDDNFSGLESSKEQKSPGVSSSSTKVEDLSLDGLNEKRLSITSSENVETPYTATNLQVEQLIAQLDDVSLSRNAKLDMNGNCLNAVDRKASRFKKSSAYLSGYPSMDIPVTQQTSIVQNSNTNLSRQTILVDKGDVDEDAPSESTTNGGTPIFYKFKQSNVEYSNNEGMGSQETFRTKLPTIEALQLQHKRNITDLREEIDNSKSNDSHVLPNGGTTRYSSDADYKETEPIEFKYPPGEGPCRACGLEVTGKRMFSKKENELSGQWHRECFKCIECGIKFNKHVPCYILGDEPYCQKHYHEENHSICKVCSNFIEGECLENDKVERFHVDCLNCFLCKTAITNDYYIFNGEIPLCGNHDMEALLKEGIDNATSSNDKNNTLSKRRTRLINFN	706	79434	5.08	510.376487914674
36	JNM1	P36224	JNM1	MNVIDLSDPAINVDYDSLIGIDNEESQEIFENEVKEDGQQEEQEEASSRKDGLIVEPGRDVESLRRAIRDQLLFKIHRQNQSDCADARKLSNDEEDESRQQKLERIREELEELKIENLTSEMQTEIKELCEIQSKLATESSSRLTNLRKKLLETYEGQDTVILPNIILDTSNIKRLQKLDQKISLMERFVGIPEALEAEEDRKSVHSKVNELYRSIQLLQGDDKAEGKLQKFRDRLVELNEEFENSLLGKKIQQDLRLKDDTVSKLVMPENKVKEINSMYSMFKQYQDSLPLLAERMKSLNKMNNRVIEVYETTKGLDSQITSIQEQGKVWLKALNELDKKFDEQEVKIRENMEQIRRKIDTLEDEALQRNSK	373	43607	4.84	94.3973773068987
37	VRP1	P37370	VRP1	MAGAPAPPPPPPPPALGGSAPKPAKSVMQGRDALLGDIRKGMKLKKAETNDRSAPIVGGGVVSSASGSSGTVSSKGPSMSAPPIPGMGAPQLGDILAGGIPKLKHINNNASTKPSPSASAPPIPGAVPSVAAPPIPNAPLSPAPAVPSIPSSSAPPIPDIPSSAAPPIPIVPSSPAPPLPLSGASAPKVPQNRPHMPSVRPAHRSHQRKSSNISLPSVSAPPLPSASLPTHVSNPPQAPPPPPTPTIGLDSKNIKPTDNAVSPPSSEVPAGGLPFLAEINARRSERGAVEGVSSTKIQTENHKSPSQPPLPSSAPPIPTSHAPPLPPTAPPPPSLPNVTSAPKKATSAPAPPPPPLPAAMSSASTNSVKATPVPPTLAPPLPNTTSVPPNKASSMPAPPPPPPPPPGAFSTSSALSASSIPLAPLPPPPPPSVATSVPSAPPPPPTLTTNKPSASSKQSKISSSSSSSAVTPGGPLPFLAEIQKKRDDRFVVGGDTGYTTQDKQEDVIGSSKDDNVRPSPISPSINPPKQSSQNGMSFLDEIESKLHKQTSSNAFNAPPPHTDAMAPPLPPSAPPPPITSLPTPTASGDDHTNDKSETVLGMKKAKAPALPGHVPPPPVPPVLSDDSKNNVPAASLLHDVLPSSNLEKPPSPPVAAAPPLPTFSAPSLPQQSVSTSIPSPPPVAPTLSVRTETESISKNPTKSPPPPPSPSTMDTGTSNSPSKNLKQRLFSTGGSTLQHKHNTHTNQPDVDVGRYTIGGSNSIVGAKSGNERIVIDDSRFKWTNVSQMPKPRPFQNKTKLYPSGKGSSVPLDLTLFT	817	82594	9.89	473.091850613487
38	ARP1	Q02804	ARL3	MFHLVKGLYNNWNKKEQYSILILGLDNAGKTTFLETLKKEYSLAFKALEKIQPTVGQNVATIPVDSKQILKFWDVGGQESLRSMWSEYYSLCHGIIFIVDSSDRERLDECSTTLQSVVMDEEIEGVPILMLANKQDRQDRMEVQDIKEVFNKIAEHISARDSRVLPISALTGEGVKDAIEWMIVRLERNKKSRPPIYK	198	22782	5.99	601.480101919347
39	OSH3	P38713	OSH3	METIDIQNRSFVVRWVKCGRGDVINYQIKPLKKSIEVGIYKKLKSSVDDHASAVHIAPDTKTLLDYTTKSLLHKGSSSNIEEHHRRSSQHSHSSSNGSDNKRKERSYSSLSISGIQQQSQEIPLREKLSASGFTLVKRVGNVSGNTMVQGDLEVKDTDYYYAFILDNSSSKNAKKKILFNASVINGDNQSMISTRSTPPARPTALSRTSTQQDMLFRVGQGRYLQGYLLKKRRKRLQGFKKRFFTLDFRYGTLSYYLNDHNQTCRGEIVISLSSVSANKKDKIIIIDSGMEVWVLKATTKENWQSWVDALQTCFDDQFEDKDTSTLEENPDILDDDKEVINKSSPQDHDHLTPTATTKSALSHRQHTQKDMDDIYVPLPSESYATFSMNLRLIQQRLEQCKKDSLSYKPTTLHQRSEGLNGTHSSSSVFTNNRVSSFNHSSSGMTSSDSLASEEVPSNKTYIEHALYNQLADLEVFVSRFVTQGEVLFKDHQILCKKAKDTRVSLTSYLSENDEFFDAEEEISRGVIILPDTEDDINNIVEETPLLGKSDQNEFTKEVQLSGSEQIASSSVESYTTNDENHSRKHLKNRHKNRRRGHPHHQKTKSAQSSTETFTSKDLFALSYPKSVTRRNDIPEAAASPPSLLSFLRKNVGKDLSSIAMPVTSNEPISILQLISETFEYAPLLTKATQRPDPITFVSAFAISFLSIYRDKTRTLRKPFNPLLAETFELIREDMGFRLISEKVSHRPPVFAFFAEHLDWECSYTVTPSQKFWGKSIELNNEGILRLKFKTTGELFEWTQPTTILKNLIAGERYMEPVNEFEVHSSKGDKSHILFDKAGMFSGRSEGFKVSIIPPPSSNRKKETLAGKWTQSLANETTHETIWEVGDLVSNPKKKYGFTKFTANLNEITEIEKGNLPPTDSRLRPDIRAYEEGNVDKAEEWKLKLEQLQRERRNKGQDVEPKYFEKVSKNEWKYITGPKSYWERRKKHDWSDISQLW	996	113760	8.67	580.530880470837
40	OSH7	P38755	OSH7	MALNKLKNIPSLTNSSHSSINGIASNAANSKPSGADTDDIDENDESGQSILLNIISQLKPGCDLSRITLPTFILEKKSMLERITNQLQFPDVLLEAHSNKDGLQRFVKVVAWYLAGWHIGPRAVKKPLNPILGEHFTAYWDLPNKQQAFYIAEQTSHHPPESAYFYMIPESNIRVDGVVVPKSKFLGNSSAAMMEGLTVLQFLDIKDANGKPEKYTLSQPNVYARGILFGKMRIELGDHMVIMGPKYQVDIEFKTKGFISGTYDAIEGTIKDYDGKEYYQISGKWNDIMYIKDLREKSSKKTVLFDTHQHFPLAPKVRPLEEQGEYESRRLWKKVTDALAVRDHEVATEEKFQIENRQRELAKKRAEDGVEFHSKLFRRAEPGEDLDYYIYKHIPEGTDKHEEQIRSILETAPILPGQTFTEKFSIPAYKKHGIQKN	437	49805	6.72	3927.3742774663
41	GIC1	P38785	GIC1	MTEGKRLQQMELPQMKSIWIDEDQEMEKLYGFQVRQRFMNGPSTDSDEDADEDLGIVLVDSKKLALPNKNNIKLPPLPNYMTINPNINSNHKSLTNKKKNFLGMFKKKDLLSRRHGSAKTAKQSSISTPFDFHHISHANGKREDNPLESHEEKHDVESLVKFTSLAPQPRPDSNVSSKYSNVVMNDSSRIVSSSTIATTMDSHHDGNETNNTPNGNKQLDSPTDLEMTLEDLRNYTFPSVLGDSVSEKTNPSSPSVSSFSGKFKPRELSALHTPELGNCFNVDQSLNSPGNRISVDDVLKFYYQCSETSTPRNT	314	35238	6.08	
42	DMA1	P38823	DMA1	MSTNTVPSSPPNQTPPAASGIATSHDHTKFNNPIRLPISISLTINDTPNNNSNNNSVSNGLGILPSRTATSLVVANNGSANGNVGATAAAAATVETNTAPAVNTTKSIRHFIYPPNQVNQTEFSLDIHLPPNTSLPERIDQSTLKRRMDKHGLFSIRLTPFIDTSSTSVANQGLFFDPIIRTAGAGSQIIIGRYTERVREAISKIPDQYHPVVFKSKVISRTHGCFKVDDQGNWFLKDVKSSSGTFLNHQRLSSASTTSKDYLLHDGDIIQLGMDFRGGTEEIYRCVKMKIELNKSWKLKANAFNKEALSRIKNLQKLTTGLEQEDCSICLNKIKPCQAIFISPCAHSWHFHCVRRLVIMNYPQFMCPNCRTNCDLETTLESESESEFENEDEDEPDIEMDIDMEINNNLGVRLVD	416	46098	6.32	182.612912451594
43	KEL1	P38853	KEL1	MAGFSFAKKFTHKKHGKTPSDASISDQSREASLSTPPNEKFFTKQETPQKGRQFSQGYHSNVNKTSSPPMFARKQVSESRIQPSAVPPQQRNVSGPSTTLHKQLSKQREYTVWNRIKLQNSPFPRYRHVASAYVTDKNQIYVIGGLHDQSVYGDTWILTAFDNATRFSTTTIDISEATPPPRVGHAAVLCGNAFVVFGGDTHKVNKEGLMDDDIYLLNINSYKWTVPAPVGPRPLGRYGHKISIIATTQMKTKLYVFGGQFDDTYFNDLAVYDLSSFRRPDSHWEFLKPRTFTPPPITNFTMISYDSKLWVFGGDTLQGLVNDVFMYDPAINDWFIIDTTGEKPPPVQEHATVVYNDLMCVVGGKDEHDAYLNSVYFLNLKSRKWFKLPVFTAGIPQGRSGHSLTLLKNDKILIMGGDKFDYARVEEYDLHTSDIDMQRGTIVYTLDLARIKDLCPGVMDVPTDTPTPRNGNLDLATPVTPTSHQTKNMNVPISAAPLASAPSPAPKDFSDADRLNREVHNRNVSTEHQNQSHPVNSESHLIAEPNILTPYVPSESSQTPVMKITSNKPFDTPTIQKEPDLSETMDPTVGNQRIPSSIYGDNLTPANQIKNNSPILETLPSNEIKTPQNGNIEEIKHLPDADEKIDSTTTFDQEINGDKLGTSSMSKVEEDGNVADEDDEIGVAQMASSPSKDQFKIKHYNESSELSQNNTEIDKLSEPVDITIKKSDTAGHDSANHVIDASDEKNVSPMGDVPTDTKNEEASVPINRDATTEVVDRALFEKLRSELQSLKELTHEKALEAGAHIKELETELWQLKSQKNSGTTKEIDELDSVRLQSKCEILEADNHSLEDKVNELEELVNSKFLDIENLNEVIQFQNEKIKSLELEPNYKEKLEELQIEHENLSRENERLKNESKQHNEDIINNVANYSSQLGSLISHWKENRANSSFLESSSSLISVSDENGEKTVGEPYGDQSRHHRVVINKLTNRLDDLLERSQELTISKEKLSSEYHALKMEHSSLSQDVLVKENEIKKIQNDYKESISSMDSASKALMVSQRELEKYKSLNKKLIDELDELKFKNGVCSENFENGLRSTEESSNNVKNSNSIRENQFNIKINDLKAELFITNQERDDLKSEVLELKKRLLNLENNTKQVNEDADSDLL	1164	131094	5.21	1397.80078910132
44	YHR182W	P38870		MSVKEHNEEDIIGDELQNSRQLSIDCDSVKISLRNTYWTKDYTTGIKLFIKHMKRENDLLIKDIKFYNDFVNKFWKPTLNNLQKMEATNSMNSRLLEVMSKQFNIISTEQVERDCKIPLQELRDLNESFLREAENDLSSRYSAYIKDLVAAKEALIGCEKRVQSIYKLKKANTPVENSSSVFDNGKDSAPLTRLNFVCEFPYTLDERLKFEDCDQFMSFLQTLKGKVILEKSVFSVPGLSNQSFQGRSLIKELKKLEPRLNLSLFNIDRIGNEFIQLGIIQEYSLSFYSSKVSQFDQEKYYYWNSEVLATQESNGNAGNRKKKSYGELTHSDNEHEEKSNVSSIKTSISDWIRKVSQHDNDDCDAAGSTDMNKNEWKSLKQQLESSQDIFFSKCCQLEYSKVQLEKTIYDYCKNYSKMEDGIKRALESSNMMFQQKCEKFTDSPVCSLQEAQLPQETANADVRGFFLRDNGIPFRRWNILEASDPVDACKEISIKSEKFFCGSEINNELAALDTLGAIKIILRQIEKEPNANKVIQSWHRDIDFVRVSNLKRDLLGEFKGSKTTENTNSIITAHFFENSHSYVTNDLVGLIKLWLLELPDSLIPSNHYDDLIKAEKSLTSLCEQFPTSSLRFLQELANHFQLINSKYSLPPQTIQDLFRDNSDIDIPLAHHFVRRTGLQNPIDIKILSPTLSTFFINERTVETLQTLIANRITTATTATLTEPPTIIIKDTTAPIHSTPKPPPNDKDGHFIPRPFKTSSTPTTPERPKRKSGLFLPINVNDVPST	785	90109	5.99	51.2706404186778
45	AXL2	P38928	AXL2	MTQLQISLLLTATISLLHLVVATPYEAYPIGKQYPPVARVNESFTFQISNDTYKSSVDKTAQITYNCFDLPSWLSFDSSSRTFSGEPSSDLLSDANTTLYFNVILEGTDSADSTSLNNTYQFVVTNRPSISLSSDFNLLALLKNYGYTNGKNALKLDPNEVFNVTFDRSMFTNEESIVSYYGRSQLYNAPLPNWLFFDSGELKFTGTAPVINSAIAPETSYSFVIIATDIEGFSAVEVEFELVIGAHQLTTSIQNSLIINVTDTGNVSYDLPLNYVYLDDDPISSDKLGSINLLDAPDWVALDNATISGSVPDELLGKNSNPANFSVSIYDTYGDVIYFNFEVVSTTDLFAISSLPNINATRGEWFSYYFLPSQFTDYVNTNVSLEFTNSSQDHDWVKFQSSNLTLAGEVPKNFDKLSLGLKANQGSQSQELYFNIIGMDSKITHSNHSANATSTRSSHHSTSTSSYTSSTYTAKISSTSAAATSSAPAALPAANKTSSHNKKAVAIACGVAIPLGVILVALICFLIFWRRRRENPDDENLPHAISGPDLNNPANKPNQENATPLNNPFDDDASSYDDTSIARRLAALNTLKLDNHSATESDISSVDEKRDSLSGMNTYNDQFQSQSKEELLAKPPVQPPESPFFDPQNRSSSVYMDSEPAVNKSWRYTGNLSPVSDIVRDSYGSQKTVDTEKLFDLEAPEKEKRTSRDVTMSSLDPWNSNISPSPVRKSVTPSPYNVTKHRNRHLQNIQDSQSGKNGITPTTMSTSSSDDFVPVKDGENFCWVHSMEPDRRPSKKRLVDFSNKSNVNVGQVKDIHGRIPEML	823	90783	4.82	76.481639620705
46	BEM4	P39011	BEM4	MDYEEILFGLQPILNASSIKDVPMNDVYLGSYLAVMDQLAVSLREPSNRDIVGKTGLLLNLVRVLEQALDICFHDTSISINDKIAFYEISSEVIRCIANAIIDNDDNREILLDSGGKKLLNYYIGGVLQLDEISSDKSEDSLVDKLQMRSVVLLRNFCIGNLKYTENLAPFIRGPLFVLLKTTQYSYLSSPEKVVLGSDLLNDILKVNYSNVQISDLFFLSQYIKKISSNVQNKELQAMEDGAVEAYSNTETQKFAGQGNQEYIEKEEEDDEEDVNCELLLNLSTCLETIVAKDETINFTNEEQLVLSMQKNLILSLVCLESKTFNNKLIVMRRLISCAGNISANLTNSNKREQSLCIETIKSSASSYALAAALMILCNSVASKSDAVALLKLISLSELIQVGSLLQDPLQYQGFLDLLRKLLNLENTMWLDIKDLFTLFQIMRRCHEQTKYYNNLRSLLTNLLNKTLTVLPSSKIHNSISSDPTIISFIAEHGTLTSCIAMDKLLVSKKALPKEAITSLWDSIFKFQNLGQAEQLSISDLFHITKTVGIYLKDSSVTADVNPIENILFKDYIQKLTLILETILSFKENKDKGSESCFNNGKFIAGIILNIVKNTKCLTPEEQNLEALAKSFF	633	70993	4.92	673.75768037739
47	RGA1	P39083	RGA1	MASTAPNEQFPSCVRCKEFITTGHAYELGCDRWHTHCFACYKCEKPLSCESDFLVLGTGALICFDCSDSCKNCGKKIDDLAIILSSSNEAYCSDCFKCCKCGENIADLRYAKTKRGLFCLSCHEKLLAKRKYYEEKKRRLKKNLPSLPTPVIDNGHTDEVSASAVLPEKTFSRPASLVNEIPSGSEPSKDIETNSSDIVPHFITGYNDSDDNSGSSKFGSNVSIDVIGPEENSTEHVNDDVKEEAEAPSANMSLNVATDPTLSCKEPPSHSRNLLNKTPLRNSSGQYLAKSPSSYRQGIIVNDSLEESDQIDPPNNSSRNASELLTSVLHSPVSVNMKNPKGSNTDIFNTGEISQMDPSLSRKVLNNIVEETNALQRPVVEVVKEDRSVPDLAGVQQEQAEKYSYSNNSGKGRKISRSLSRRSKDLMINLKSRATGKQDSNVKLSPASKVTSRRSQDLMRDNDSHTGLDTPNSNSTSLDILVNNQKSLNYKRFTDNGTLRVTSGKETALEEQKNHSFKSPSPIDHLLQSPATPSNVSMYRTPPLDSSLTFDRRNGSSYSNQNYSIPSWQKTPKTQLENSDNFEEQKETLYENSESRNDPSLDKEIVTAEHYLKQLKINLKELESQREELMKEITEMKSMKEALRRHIESYNSEKNKLYLDSNELSNNPPMINEISLGESPPVKHVATASSVARSSVKPKFWKFFSSAKPQTEQSIQGVSTNNTNSIVKSAPVLLSAPSSGSNSGRLEISPPVLQNPNEFSDVRLVPIENDANMGQSKDGEEYLDGSNLYGSSLVARCNYENNEIPMILSVCIDFIESDEENMRSEGIYRKSGSQLVIEEIEKQFSAWKVQQNTETPNILTEQDLNVVTGVLKRYLRKLPNPIFTFQIYEPLMRLVKSKKMMENLPFVGGKLSLEAKNSDTYMSSKSALKNILEDLPREHYRVLRVLSEHIEKVTRYSHWNRMTLYNLALVFAPGLIRDFSGEKDIIDMKERNYIVAFIFGNYKDILT	1007	112832	6.03	117.256723142147
48	PAC1	P39946	PAC1	MTNWQQQLPLTDTQKNELDKSVLRYLNWNYKQTVRHEHAQDYESVRHAIVTLSGFLLQESVDRQEFISNNDTSNESMVDIDELLLPKKWNSIVRLQKKIIELEQNTETLVSQIKDLNTQVSELAQFKPTTSNGTSAHNVLKWIPRNLPSCLINVESSVTSVKLHPNLPIVFVATDHGKLYAFDLFNYTIPLASLQSHTKAITSMDVLFTNYTNSSKKNYLVIVTASKDLQIHVFKWVSEECKFQQIRSLLGHEHIVSAVKIWQKNNDVHIASCSRDQTVKIWDFHNGWSLKTFQPHSQWVRSIDVLGDYIISGSHDTTLRLTHWPSGNGLSVGTGHEFPIEKVKFIHFIEDSPEIRFRTPSTDRYKNWGMQYCVSASRDRTIKIWEIPLPTLMAHRAPIPNPTDSNFRCVLTLKGHLSWVRDISIRGQYLFSCADDKSVRCWDLNTGQCLHVWEKLHTGFVNCLDLDVDFDSNVTPRQMMVTGGLDCKSNVFMR	494	56901	7.32	114.271818844921
49	TSC11	P40061	TSC11	MSIPHSAKQSSPLSSRRRSVTNTTPLLTPRHSRDNSSTQISSAKNITSSSPSTITNESSKRNKQNLVLSTSFISTKRLENSAPSPTSPLMARRTRSTMTKALLNLKAEINNQYQELARLRKKKDDIEHLRDSTISDIYSGSYSTNHLQKHSMRIRANTQLREIDNSIKRVEKHIFDLKQQFDKKRQRSLTTSSSIKADVGSIRNDDGQNNDSEELGDHDSLTDQVTLDDEYLTTPTSGTERNSQQNLNRNSTVNSRNNENHSTLSIPDLDGSNKVNLTGDTEKDLGDLENENQIFTSTTTEAATWLVSDYMQSFQEKNVNPDFIAQKANGLVTLLKEHSEIRKDLVLTSFMSSIQNLLLNGNKLIAASAYRVCRYLINSSIFIDELLELRLDAFIIISLAKDNSFQIEREQALKMVRRFIEYNNGVTQGIMQAIISCVEKPEDSLRHMALETLLELCFVAPEMVKECRGMRVIEGFLQDYTSFSLASVILDTILQLMATHKTRQHFLEDFNVSVLTTVFSDTNTKSNVNVEKMQNASTLISITLNSYNGFMLFSNNNFKPLKQLVSFFQIPICAQYLIDIFLDVLKIKPLPYKPRGRHSHSFKPIPSQYYKECMSVNQRLALIVLILENSEFVPHLLELLNEEDRDDHLVAKGRYLLTEYFNLRMNLVDKKYTSVSKPIYKENFTYVNETFQFKKIAYKMNRNRNTIGMSGIDYAQNIKSFSKNIKENTLLREVDDFRFRRMVYDSKVLQTKDFTRWNWNIINELLEGPLLNKKQLEELVKSTKFIRRLLVFYRPLRLRFSNVNKGAKLSQKYVQVGCQFFKTLTATPEGMKILMDDTKIIPQLASLMFRAMEGNISGNIFNKNKLREKIIFGYFKFIGILTQSKNGVHILTRWNFFTVIYKMFQFESKLGLEFLLLTIPELDLKYSSHCRVIIGKALVVANEKVRIEATKHIGDKLKELLSTKESDLKLKANKVKLQQFKMEMLTRQLYDLSPSVVAVADQALYECIVAGNGSEELGTSFRMFLNQMVFIRSPILFELLSRPYGFQLLNEINFVKEERDSWLSKKNIEYVHIVEEFLKKNESINAKSLTFQQKSRLPLHFYESLTKTEDGILLLSQTGDLVTFMNVIKKYVNGNNMATVENAKEILDLKAALWCVGFIGSTELGIGLLDNYSLVEDIIEVAYNASVTSVRFTAFYVLGLISMTREGCEILDEMGWNCCVSVQDEPIGIALPNRLDRFLSYNEHKWSAFGEYSDEMIVFNKSDGDLIEKCLPIEFDLDKLLKEKDTAENPLNEKIITNKYDNDITSQTITVSGENSSLFANEGLSSPYVTQYRNDDDSIESKVLHIVSQLGNHILSNHAVKEITEINNKYGPRLFENEKMFFKVFNMMSKYRFKPHVRKFLCGLFINNRALENVIRHDNKRDKRPANFTR	1430	164368	8.8	56.933566396334
50	SHO1	P40073	SHO1	MSISSKIRPTPRKPSRMATDHSFKMKKFYADPFAISSISLAIVSWVIAIGGSISSASTNESFPRFTWWGIVYQFLIICSLMLFYCFDLVDHYRIFITTSIAVAFVYNTNSATNLVYADGPKKAAASAGVILLSIINLIWILYYGGDNASPTNRWIDSFSIKGIRPSPLENSLHRARRRGNRNTTPYQNNVYNDAIRDSGYATQFDGYPQQQPSHTNYVSSTALAGFENTQPNTSEAVNLHLNTLQQRINSASNAKETNDNSNNQTNTNIGNTFDTDFSNGNTETTMGDTLGLYSDIGDDNFIYKAKALYPYDADDDDAYEISFEQNEILQVSDIEGRWWKARRANGETGIIPSNYVQLIDGPEEMHR	367	41126	5.41	
51	PEA2	P40091	PEA2	MHKFDLELSRRANPLLFSAERYEEYPLKYDELKQYLLSQNPSHPHHNSRPYTSIDYFDYLLYRSKNDESEIDLDKKLVSEFALYYVQKEHLNSDDLNPTLNELLKLQPKSADWYEMMLRILESINTTGIDQLTKENNNSFPNSKRARSSTNMGGTDKFNKGAYHTDKADDDKNEILQELTSFLMSNSIQKGIDIKPIPLDDPVKFLKNGINSILDTCVSLEKNTSSPPISPNAAAIQEEDSSKKLEELETAFSDLQLAHNFLTKQFENDRAEYVQDIEKLTRTNRELQDKLLNNHSNLSKTEKKLHELEQENKELEKANNKLNSSRHNFGMSSPASSPVTWDPSSPSSVGSPTSGSGSRSLSIMTSEFKKVLTSTQRKYEKELSDEREHRFKLERELALLKNAEANTSLALNRDDPPDML	420	48165	5.39	765.118289568306
52	TPM2	P40414	TPM2	MEKIKEKLNSLKLESESWQEKYEELREQLKELEQSNTEKENEIKSLSAKNEQLDSEVEKLESQLSDTKQLAEDSNNLRSNNENYTKKNQDLEQQLEDSEAKLKEAMDKLKEADLNSEQMGRRIVALEEERDEWEKKCEEFQSKYEEAQKELDEIANSLENL	161	19093	4.5	17284.5254851177
53	VHS2	P40463	VHS2	MDTSNHNQDHDSHVAAQRENDNNYMPPSPSMSESSMIFERNVEDPSYLYKTVSNNAANSLSRQSSRTSLFNHNNSSNRNFHNLSQRSSAVNLHLQPSRTNESIASYQTYNPDFVVQTPLDHRRTLENFVPPALDAGCSIVTDDTTGLDDVDMVYSRRPSTIGLDRALGRTRSLSSQSFDNETSPAHPRSPNDHGSRLLRFYSYADMLSDDNNNNVSNATSTSSTANPLRRPPMQGHYSFSSSLLNSPSHLPSPPSASASPPQHMNFTNPFIISRRYSNTTINNANGGTSAGSTTGAALSRSPSNQQYLLKQQRSPSGSARSRRNSNRPGSAANIMIGKPKSKFHMESSGSEGFSSEEEDNTMIERDKLNLKQKLQSQLAQPPSIANMVNDNHNNTNKHKNTINNNIKNSPAFTNSNPSSKSNSNSTITSMNPDTTK	436	47961	9.21	340.188729248258
54	SLM1	P40485	SLM1	MSKNNTMTSAVSDMLSQQQLNLQHLHNLQQHTRSMTSADHANVLQQQQQQQQQQQQQQQQQQQSASFQNGSLTSDINQQSYLNGQPVPSTSNSTFQNNRTLTMNSGGLQGIISNGSPNIDSNTNVTIAVPDPNNNNGKQLQGKNSLTNTSILSRARSSLQRQRLAQQQQQQQDPRSPLVILVPTAAQPTDILAARFSAWRNVIKSVIVYLTEIASIQDEIVRQQLRLSHAVQFPFFSIENQYQPSSQEDKSVQKFFLPLGNGSIQDLPTILNQYHESLASSASKASRELTNDVIPRLEDLRRDLIVKIKEIKSLQSDFKNSCSKELQQTKQAMKQFQESLKDARYSVPKQDPFLTKLALDRQIKKQLQEENFLHEAFDNLETSGAELEKIVVMEIQNSLTIYARLLGQEAQLVFDILISKLDSGFFNVDPQFEWDNFISRDPNFLLPNLPMRTFKEIVYKYQFDPLTYEIKSGFLERRSKFLKSYSKGYYVLTPNFLHEFKTADRKKDLVPVMSLALSECTVTEHSRKNSTSSPNSTGSDAKFVLHAKQNGIIRRGHNWVFKADSYESMMSWFDNLKILTSTSNIQDKYKFITQKLNLNSDGKPKLTNNHTSINKYQLSNANSTMVENDENDDINSNYVGSTVTPKLDNQTNTNTSMSSLPDTNDSELQDQVPNIYIQTPINDFKS	686	77995	7.71	1323.49219440482
55	GVP36	P40531	GVP36	MSFNAFASSLSKKLQEISTSVSEKTQELPSLAQSTQRMVQERLGQVTDISQLPREYTELEDKVDTIKLIYNHFLGVTAIYENGSYDYPKYINESVNEFSRSVASKLTELTHATSASEAQNILVAPGPIKEPKTLNYALSKVALNSSECLNKMFPTEEQPLASALLQFSDVQAKIAQARIQQDTLIQTKFNKNLRERLSFEIGKADKCRKDVHSMRLRYDVARTNLANNKKPEKEASLRVQMETLEDQFAQVTEDATVCLQEVISHANFSEDLKELAKAQAEYFETSAGLMKEFLSNSFAEEPEAKPEVAEEEKPQTAISMNDEDDA	326	36670	4.91	36774.0333766517
56	AXL1	P40851	AXL1	MSLREVTNYEVSFYIPLSYSNRTHKVCKLPNGILALIISDPTDTSSSCSLTVCTGSHNDPKDIAGLAHLCEHMILSAGSKKYPDPGLFHTLIAKNNGSQNAFTTGEQTTFYFELPNTQNNGEFTFESILDVFASFFKEPLFNPLLISKEIYAIQSEHEGNISSTTKIFYHAARILANPDHPFSRFSTGNIHSLSSIPQLKKIKLKSSLNTYFENNFFGENITLCIRGPQSVNILTKLALSKFGDIKPKSAVKERSISIRTRSFRRSKSLKKRQDSSKNDYSDLKTFKILNTTWEKKYKNTMCFQQFPECNSIFINSNKVPIMRLLFPVSDKNTRFTKDDIKIYSHLWCELFGDESPGSLSYYLASKGWLTGCFAFTSEFAIGDIGLILELELTNSGWENIKRITTIVLNRLLPSFYVMNIDYLITFLKEQNLIDLVSFLYQSSEDLPMEECSKLSGILQDDLECLTPPNIFKGFKSLIEIDDPNIEKYENTKANIQWWTGQAIKFQNFLKSFMNHDNMRLLLLGNIKSGNIFDKMKNKSDICTDFFYEFEYYTANVHLASDNKFHSNSSYEFNFPTGNLFLPDCVSDPLKLQQLFLECSLKSKFATLRPQIYSEPTRTKPQLVSENQNYEMWILKEDPNFASDNKSVVSFEVLGLGIKPSPEATIHLEVLAQALFIITSSFLYPALRIGYTYEIASSSKGNVTLRFTISGFPEGVFTIVKTFVDTLKLIATDPTFLSKDTLRKARILVRNKYKNASSDNCVKLASVGLLIVLEKYIWTLEDRINALELTELESFEKFCFLFWRNPKHLVLFMQGSLEYADAINRYLNNNFTQHLKISNEGSKPTIRLYPPPSTKDLDQGTNAFISYNGHQDDPNNSIVYFIQTAQRDDIKNLTLTFLTEYLFSLTLVPDLRNKKQIGYIVLGGLRVLTDTVGIHITVMSGSSGHNLETRINEYLSYLQLQVLNRFTEFDFRRILLEPFLNLLKQNSTKQFEGSAGPVDLLNEIVANVQNGDNYTLNNKQMRQHRKVRNKIAEGRLNFQEDHEMIDISFLQKLTLKKYLAFFESKISIYSAQRSKLSIMITSPMAEKEIASRKMFLQLEAFLKINGFAIKNEDLKKIVEHSKGNPILLVKNLFTYFRRRNEVFKLGTVVLQEILKIIGMNLKQRYGSILGFSSQDGEGQEIEKFWNNDTSPIVPLQELPEPNFFRKAAF	1208	138332	8.56	73.7964274417828
57	PAC11	P40960	PAC11	MERLKQLEEKRRQLKELRERRKQASLFPGSETMGHHPTEVHAKATMVSVSVQTDMEEGSKIQEPQSAYLRRKEVITYDKGIQTDQIEEEQLQENENHTTTDAVAIETTAADENNKDKAENDQPRLELAKPFLVEEAAATLSNASFARLETEVSASGQQAPSNMQQDKDNLMQWNMVSENLQSETDCDCIAQEYDPGKGVLVVVYLRLPPADLQYASSEAAWSVVNVVKCDNASGRNGLLIDMVEFRGTRIMTATILRRYHPESNVISILLATLTGKIILYELRLKQKKPETPVVYVVQRNMVARHYFQHPVVAVIETSSVQDQERVLVAADNGNIMELSCLDLTVLRKPQQLRPVPLSQLLSLENDTCTYTERLQRLAKFDEVGIACMAYTSEDPQYVWIGGEDGGIYKVFWDQPGPLYLSLDNNGFQPAENHSTRVTGLEFHWDDARRLMLLLSCSTDWTVRLWDARAGKAIIGAPLLLGGPVLRARWLEKNNGGENSRTLRCQVWCADGRLVVVNWAFDAKTSLYTATVIS	533	60074	5.22	22.4936180950846
58	ARF3	P40994	ARF3	MGNSISKVLGKLFGSKEMKILMLGLDKAGKTTILYKLKLNKIKTSTPTVGFNVETVTYKNVKFNMWDVGGQQRLRPLWRHYFPATTALIFVIDSSARNRMEEAKEELYSIIGEKEMENVVLLVWANKQDLKDAMKPQEVSDFLELEKNLKNQPWCVIGSNALSGQGLVEGLSWISNNTNVPKK	183	20696	9.43	986.395201117918
59	LST8	P41318	LST8	MSVILVSAGYDHTIRFWEALTGVCSRTIQHSDSQVNRLEITNDKKLLATAGHQNVRLYDIRTTNPNPVASFEGHRGNVTSVSFQQDNRWMVTSSEDGTIKVWDVRSPSIPRNYKHNAPVNEVVIHPNQGELISCDRDGNIRIWDLGENQCTHQLTPEDDTSLQSLSMASDGSMLAAANTKGNCYVWEMPNHTDASHLKPVTKFRAHSTYITRILLSSDVKHLATCSADHTARVWSIDDDFKLETTLDGHQRWVWDCAFSADSAYLVTASSDHYVRLWDLSTREIVRQYGGHHKGAVCVALNDV	303	34034	6.03	554.717827223042
60	BUD6	P41697	BUD6	MKMAVDDPTYGTPKIKRTASSSSSIETTVTKLLMSTKHLLQVLTQWSKGTTSGRLVSDAYVQLGNDFKVVSKFFMHAKVDMSDVGDVPMALRRVLEVTLREPPSDETLNKHLPKIREIIVTLLDKLKVKQAILKNMQQEHRISVKSHHQQNPSFTSNLSLGSEGTREGTPLSSRKSSIVRDQRQSDSVENSYGEKVNSTSTGTPSAQSAEATLTKPRTNIKQNLKSNNAPNASDDDDALSQLKKGTNLQRRASKRYSAYHMAKLTNQSTTEAAAAAGLMTTPSPSMLHLEETVRKSKLYGNNNNDDDRNINSAENKGKSIDDVSKASPLAKTPLPIENVRASPRRLSSVVTTSPDKAMNGTCPVFLRIGDKTKKCHVQLPTTKNALRLLFIERFAYSPGANSFPDIYIMDPQYGVFYELEELNLLDIKEGFVIELKLEENPNNTIKEFIDTVKMEISNSQNDIIRHLKEMSFGSAISGKQTEVLPQPGLEANKHDLVGQNKKDDDKTIKDIQYELGKIKQVHNINRSNINETIFNILRKVDNFKSLSFSAKNSSNRMYMEKSQTELGDLSDTLLSKVDDLQDVIEIMRKDVAERRSQPAKKKLETVSKDLENAQADVLKLQEFIDTEKPHWKKTWEAELDKVCEEQQFLTLQEELILDLKEDLGKALETFDLIKLCCEEQEKNPSRSKSNPILPIMRPGTFNQVREQVMVAVQSLNPDHDSRVEAIDKAEKMWEMERKLKASNEFDDELENFVGNSNLKKSGGFEEVERIRKQKDEANLRAYFGPGFT	788	88817	7.62	1059.54179862988
61	BUD8	P41698	BUD8	MIQSDEDNLDSSETTASTSYSGTSSVSSRLQLRTSLFFENLNGAHGNPDAETEMATVAYETTSRGQGFAVYINNERFSQIMGASTSSSSSSNSSSITQFHDTQDNNIPSNTTVRPTSLRRDNEDTVPLRNVTPSQNAAVRPERAVNSPSSQRLSCALTISTSVLMGEDVEGSPIEQEHSRVVSSLYSSLANRGNDESKNGTPPRPTSIEPNETTEHSFFSYHYDDTLEPDVEEAVRLTKNKTSNVNFISSTGSKGEGETEDEVIDQYEPVNESKFIPHKLKIPEKAGSIKSSTSDDSHSPGAPGTSARKIKIPQSPSLIGNILIPSHNSDSSNESSPKDHIGHNNEEKFSSKSTRKPSTSLEEEGPPIGLPSIPVLRSVSGPSKWTKTPLRLESGNSTKSDPFSRYEGHKTPSPLTKMNKKKNKTLPEHGQPLVLAPIKSQSSESDTGQNSIIEKPARSIRRKQQEKTDNRKEDRHDAENIDLEARMPIQHIDTASIHSFDSGQNGFRDVYSIENIIVILLCCSIVPPLFFIIGCSSRRKLVSDYRLMRLLMNKEHRAALLQGFIWDVDLRWFRMFCLILGAAETVIVMAGIAIGFGVGITRE	603	66289	5.88	9.69840107150401
62	HKR1	P41809	HKR1	MVSLKIKKILLLVSLLNAIEAYSNDTIYSTSYNNGIESTPSYSTSAISSTGSSNKENAITSSSETTTMAGQYGESGSTTIMDEQETGTSSQYISVTTTTQTSDTMSSVKKSTEIATPSSSIVPTPLQSYSDESQISQTLSHNPKSVAESDSDTTSSESSSSVIISTSDSSAVPREISPIITTDSQISKEEGTLAQTSSISETTRIAQMVTRVSQISSITAASTIDGFSSESTQTDFSNTVSFENSVEEEYAMSKSQLSESYSSSSTVYSGGESTADKTSSSPITSFSSSYSQTTSTETSESSRVAVGVSRPSSITQTTSIDSFSMSEVELSTYYDLSAGNYPDQELIVDRPATSSTAETSSEASQGVSRESNTFAVSSISTTNFIVSSASDTVVSTSSTNTVPYSSVHSTFVHATSSSTYISSSLYSSPSLSASVSSHFGVAPFPSAYISFSSVPVAVSSTYTSSPSASVVVPSAYASSPSVPVAVSSTYTSSPSAPAAISSTYTSSPSAPVAVSSTYTSSPSAPAAISSTYTSSPSAPVAVSSTYTSSPSAPAAISSTYTSSPSAPVAVSSTYTSSPSAPVAISSTYTSSPSVPVAVSSTYTSSPSAPAAISSTYTSSPSAPVAVSSTYTSSPSAPAAISSTYTSSPSVPVAVSSTYTSSPSAPAAISSTYTSSPSVPVAVSSTYTSSPSAPAAISSTYTSSPSAPVAVSSTYTSSPSAPAAISSTYTSSPSAPVAVSSTYTSSPSAPAAISSTYTSSPSAPVAVSSTYTSSPSALVVLSSTSTSSPYDIVYSPSTFAAISSGYTPSPSASVAMSSTSSSSPYDIVYSLSSSASRSSIATYEFSPSPSTSLPTSSTYTYFSSAYAFEFSSERYSTTSTIAPTQIHSTLSRITDFLLQTSMAIQSIVSQQISTSSTLNDEIHSSALSVFNPSASNLVETSLIISSTQASITSPKNSAKISSLQSQLSSSTKNPYDTANKNTETSGRSTVVSNFLYTSSAAKPDNEKFSATPTEITTISSSSHAYSLSIPSSHNSVTGLSHNFVDSSKSATSFGYSSSSISSIKLSKETIPASKSVSNTQERITSFTSTLRANSQSEKSEGRNSVGSLQSSHISSNPSLSTNTKVDSKSLSRKVSKTMGENGEETGLTTTKTQYKSSSETSGSYSRSFTKISIGPATTAVQTQASTNSVFTAPALSTYPTTPYPSPNSYAWLPTAIIVESSETGPTTASFNPSITGSLPNAIEPAVAVSEPINHTLITIGFTAALNYVFLVQNPLSSAQIFNFLPLVLKYPFSNTSSELDNSIGELSTFILSYRSGSSTTTLSPKSISSLSVVKKKKNQQKKNATKSTEDLHPPQVDTSSIAVKKIVPMVDSSKAYIVSVAEVYFPTEAVTYLQQLILDENSTLYSNPQTPLRSLAGLIDSGIPLGGLTLYGSGDGGYVPSLTSSSVLDSSKGNSQNIDGTYKYGALDDFINSFTDSASAGKYAVKIIIFLIVLTIGVLLWLFVAFFAFRHRNILLKRHPRNCIGKSLNNERELESTELSRSSSGNQVYNEKPPESENESVYSAVDDHYIVTGENTVYNTIHRLHYTINDDGDLLYRDAIPLDFDQTNGDDGSGIDSIVRDCVYDKNQDATEAFLNDEESISGILDVDENGDIRLYDSYSDNEESNSFHLPDEVIENYNKNHLCETKLHGLGTESCTTDDPDTGNQITNEFSTGSQTCLPSTAYTTPLHTNSIKLHTLRYTESSLPKPNQTLFSNLEDLEIEDIDDNGSVSDVHIEELDALDEELYKRMSKVIKQQNHQTTKI	1802	188948	4.7	
63	BNI1	P41832	BNI1	MLKNSGSKHSNSKESHSNSSSGIFQNLKRLANSNATNSNTGSPTYASQQQHSPVGNEVSTSPASSSSFRKLNAPSRSTSTEARPLNKKSTLNTQNLSQYMNGKLSGDVPVSSQHARSHSMQSKYSYSKRNSSQASNKLTRQHTGQSHSASSLLSQGSLTNLSKFTTPDGKIYLEMPSDPYEVEVLFEDIMYKRNIFQSLSEDKQEALMGYSIEKKWLIVKQDLQNELKKMRANTTSSSTASRTSMASDHHPILTANSSLSSPKSVLMTSASSPTSTVYSNSLNHSTTLSSVGTSTSKGKKLVSGSLKKQPSLNNIYRGGAENNTSASTLPGDRTNRPPIHYVQRILADKLTSDEMKDLWVTLRTEQLDWVDAFIDHQGHIAMANVLMNSIYKTAPRENLTKELLEKENSFFKCFRVLSMLSQGLYEFSTHRLMTDTVAEGLFSTKLATRKMATEIFVCMLEKKNKSRFEAVLTSLDKKFRIGQNLHMIQNFKKMPQYFSHLTLESHLKIIQAWLFAVEQTLDGRGKMGSLVGASDEFKNGGGENAILEYCQWTMVFINHLCSCSDNINQRMLLRTKLENCGILRIMNKIKLLDYDKVIDQIELYDNNKLDDFNVKLEANNKAFNVDLHDPLSLLKNLWDICKGTENEKLLVSLVQHLFLSSSKLIEENQNSSKLTKQLKLMDSLVTNVSVASTSDEETNMNMAIQRLYDAMQTDEVARRAILESRALTKKLEEIQAERDSLSEKLSKAEHGLVGQLEDELHERDRILAKNQRVMQQLEAELEELKKKHLLEKHQQEVELRKMLTILNSRPEESFNKNEGTRGMNSSLNSSEKANIQKVLQDGLSRAKKDYKDDSKKFGMTLQPNKRLKMLRMQMENIENEARQLEMTNFAEFEKDRLEPPIHIKKPKVKKMKNKDRKPLVKPQEADVNKLNDLRRALAEIQMESNDISKFNVEERVNELFNEKKSLALKRLKELETKYKGFGIDFNVDEIMDSPKKNTGDVETEEDANYASLDPKTYQKKLDEINRITDQLLDIQTQTEHEIQVEEDGESDLSSSSSDDESEEIYQDASPTQELRSEHSELSSGSGPGSFLDALSQKYGTGQNVTASAAFGENNNGSGIGPLHSKVEKTFMNRLRKSTVSSAPYLEELTQKVNKVEPYEQNEDEGLDKKSLPENSTASAASAFDKAEKDMRQHVENGKQGRVVNHEEDKTADFSAVSKLNNTDGAEDLSTQSSVLSSQPPPPPPPPPPVPAKLFGESLEKEKKSEDDTVKQETTGDSPAPPPPPPPPPPPPMALFGKPKGETPPPPPLPSVLSSSTDGVIPPAPPMMPASQIKSAVTSPLLPQSPSLFEKYPRPHKKLKQLHWEKLDCTDNSIWGTGKAEKFADDLYEKGVLADLEKAFAAREIKSLASKRKEDLQKITFLSRDISQQFGINLHMYSSLSVADLVKKILNCDRDFLQTPSVVEFLSKSEIIEVSVNLARNYAPYSTDWEGVRNLEDAKPPEKDPNDLQRADQIYLQLMVNLESYWGSRMRALTVVTSYEREYNELLAKLRKVDKAVSALQESDNLRNVFNVILAVGNFMNDTSKQAQGFKLSTLQRLTFIKDTTNSMTFLNYVEKIVRLNYPSFNDFLSELEPVLDVVKVSIEQLVNDCKDFSQSIVNVERSVEIGNLSDSSKFHPLDKVLIKTLPVLPEARKKGDLLEDEVKLTIMEFESLMHTYGEDSGDKFAKISFFKKFADFINEYKKAQAQNLAAEEEERLYIKHKKIVEEQQKRAQEKEKQKENSNSPSSEGNEEDEAEDRRAVMDKLLEQLKNAGPAKSDPSSARKRALVRKKYLSEKDNAPQLLNDLDTEEGSILYSPEAMDPTADTVIHAESPTPLATRGVMNTSEDLPSPSKTSALEDQEEISDRARMLLKELRGSDTPVKQNSILDEHLEKLRARKERSIGEASTGNRLSFK	1953	219673	6.13	479.680767363292
64	MOB2	P43563	MOB2	MSFFNFKAFGRNSKKNKNQPLNVAQPPAMNTIYSSPHSSNSRLSLRNKHHSPKRHSQTSFPAQKSTPQSQQLTSTTPQSQQQEASERSESQQIMFLSEPFVRTALVKGSFKTIVQLPKYVDLGEWIALNVFEFFTNLNQFYGVVAEYVTPDAYPTMNAGPHTDYLWLDANNRQVSLPASQYIDLALTWINNKVNDKNLFPTKNGLPFPQQFSRDVQRIMVQMFRIFAHIYHHHFDKIVHLSLEAHWNSFFSHFISFAKEFKIIDRKEMAPLLPLIESFEKQGKIIYN	287	33276	9.6	404.32969488817
65	STU2	P46675	STU2	MSGEEEVDYTTLPLEERLTYKLWKARLEAYKELNQLFRNSVGDISRDDNIQIYWRDPTLFAQYITDSNVVAQEQAIVALNSLIDAFASSSLKNAHNITLISTWTPLLVEKGLTSSRATTKTQSMSCILSLCGLDTSITQSVELVIPFFEKKLPKLIAAAANCVYELMAAFGLTNVNVQTFLPELLKHVPQLAGHGDRNVRSQTMNLIVEIYKVTGNNSDLLEEILFKKLKPIQVKDLHKLFAKVGDEPSSSKMLFEWEKRELEKKRSQEEEARKRKSILSNDEGEYQIDKDGDTLMGMETDMPPSKQQSGVQIDTFSMLPEETILDKLPKDFQERITSSKWKDRVEALEEFWDSVLSQTKKLKSTSQNYSNLLGIYGHIIQKDANIQAVALAAQSVELICDKLKTPGFSKDYVSLVFTPLLDRTKEKKPSVIEAIRKALLTICKYYDPLASSGRNEDMLKDILEHMKHKTPQIRMECTQLFNASMKEEKDGYSTLQRYLKDEVVPIVIQIVNDTQPAIRTIGFESFAILIKIFGMNTFVKTLEHLDNLKRKKIEETVKTLPNFSIASGSTHSTIETNKQTGPMENKFLLKKSSVLPSKRVASSPLRNDNKSKVNPIGSVASASKPSMVAANNKSRVLLTSKSLATPKNVVANSTDKNEKLIEEYKYRLQKLQNDEMIWTKERQSLLEKMNNTENYKIEMIKENEMLREQLKEAQSKLNEKNIQLRSKEIDVNKLSDRVLSLENELRNMEIELDRNKKRNDTNLQSMGTISSYSIPSSTVSSNYGVKSLSSALPFKEEEDVRRKEDVNYERRSSESIGDLPHRVNSLNIRPYRKNGTGVSSVSDDLDIDFNDSFASEESYKRAAAVTSTLKARIEKMKAKSRREGTTRT	888	100918	8.68	764.85369551705
66	SFH5	P47008	SFH5	MKFDNDSEKQVFDKLKKAIPGIIKEKCAGYDELYGYKLNPEGLTQEEVDKYYDEKIADRLTYKLCKAYQFEYSTIVQNLIDILNWRREFNPLSCAYKEVHNTELQNVGILTFDANGDANKKAVTWNLYGQLVKKKELFQNVDKFVRYRIGLMEKGLSLLDFTSSDNNYMTQVHDYKGVSVWRMDSDIKNCSKTVIGIFQKYYPELLYAKYFVNVPTVFGWVYDLIKKFVDETTRKKFVVLTDGSKLGQYLKDCPYEGYGGKDKKNNLTKQNVTNVHPTEYGLYILQKQIIEDVE	294	34388	8.03	7143.99726785961
67	BIT61	P47041	BIT61	MTAEDILLRERTSTTTQRPVNSEQYLNVQLATAPVKNFQTTSEISRQTLVDTSNDDVYSIKNLKGSRNPISPSVSNVGFQSIFHTVDHPRSKVSVASNHSLRSNDNASAATSKSGSSQIGESHSVDTVECSNNLSKKLSSDAISITQKSLHSTPSGRYMKGKASGFFNRRNRAHTTISSDPASFLTDSSTLHNSSHSFRNVIKNFFQNKSHRHIGQDAIEPAIPNSLSKFLHSSYGRHKSPSQFIHTNAGQLVDSGTSVYSLNVNPSGVNPNTIVEDPLSGTDPASPNPVSMLHDLLRNLPSLEANYKHFNSQELTTLTNNIWNIFCSNVAELFRTQRIWKLRAKIENFNEVLEFYCILKTDPRVTHSGMNRIISDLKEFLVSSLYNLENQIVFNYSNEDTINNALKRLGVIWRIFYQEVYYDLAAVLLPLDQSIREDGNSTVLKSGNESRTHINGNYSIGFLLLMCFRDSIVLPCYENFVNSNDGISKSFQLYIFNQEEESNVTETDKLTLLQCFGILSTIQSNDRNQRIIEELLAGIRMSI	543	60841	7.0	12.6592705976857
68	BUD4	P47136	BUD4	MHDAESTVDSLLKEIDNEMEQTKSNITQNGSEDTPHNWKLPLQEIGDDTMEMLVKHNTRSNATENSRGRSPSKMSTISNESLNLGLLRVNSELEESPAAVHQERIKNSVANGALGHANSPKVLNNLKNMAQDIDKLARDEEKPVKLSSSPLKFTLKSTQPLLSYPESPIHRSSIEIETNYDDEDEEEEDAYTCLTQSPQILHSPSRIPITNAVSINKLNLDFTLNPNESDKSLVSDTSVDSTGRELDTKTIPELPFCMSSTPEMTPVDEKCNLPSKLLNTSNNSHSDSRSPTASVEDLNISTNLPGADSSQNNPVTTDADALIENDVVRDLQQNMEHIDDAFDEKKVLDEGCSNEPVTFLGENDTRSIVYSNKGTNANVQEFSQEDSLAHSEPKFKDLNATSDDVWNEDKETDANISTSTKSEESYIADYKVTRQEDWDTKKLHQESEHANEQPAIIPQKDSSEETFTELNNESEFQRNFKDGEEYRIVQHEESLYGQRTKSPEENIINGSEIGVDHGEAAEVNEPLAKTSAEEHDLSSSCEDQSVSEARNKDRIEEKEVETKDENIETEKDESEYHKVEENEEPEHVPLLPPLPRWEEIQFNEPFIDENDTSNDSIDLTRSMKPSDYISIWHIQEEEIKSNSPESIANSQFSQQSSITTASTVDSKKDNGSTSFKFKPRIVSRSRIYNPKSRVSSLNYYDNEDYILSNSEWNALDPMRRNTLISKRIQDNIRTQKGHAPLIRPSIMKLNGEDSGFQNHFLEVEQPQEHENIPLSTHLSEQDITTNVGLDEQKLPTNTQDEAEISIREIESAGDITFNRGDLLSLSFDEELGQDFANFLDALDHDSTSFNHGPDDSSSFQRDSSKKSFNSLWESSYELKPPPSIRKQPIAPDVLQKLLESDTKDDADLEKIREERITEPRTGLGIGMLKTPVKDVSIALAASIKGYEASFSDTDSRPEGMNNSDAITLNMFDDFEEDKMTPSTPVRSISPIKRHVSSPFKVVKAGNKQENNEINIKAEEEIEPMTQQETDGLKQDIPPLLAQTKDNVEAKEETITQLEEPQDVEQEFPDMGTLYLSIKAISTLALYGTKSHRATYAIVFDNGENVVQTPWESLPYDGNIRINKEFELPIDFKGKAETSSASSERDSYKKCVITLKCKYEKPRHELVEIVDKVPVGKSFFGKTKYKFEKKYVQKKPKQDEWDYLFAQDGSFARCEIEINEEFLKNVAFNTSHMHYNMINKWSRIADKIHGSKRLYELPRKAPHKVASLDVEACFLERTSAFEQFPKQFSLVNKIVSKYKLQQNIYKEGYLLQDGGDLKGKIENRFFKLHGSQLSGYHEISRKAKIDINLLKVTKVLRNEDIQADNGGQRNFTDWVLFNECFQLVFDDGERITFNAECSNEEKSDWYNKLQEVVELNVFHQPWVKKYCEKLAEEEKTRTTGHNLKQDFN	1447	164486	4.75	330.728174906114
69	CLA4	P48562	CLA4	MSLSAAANKISDNDFQNIGPAPRPPSSNSQGRTCYNQTQPITKLMSQLDLTSASHLGTSTSKKKSGWVSYKDDGILSFIWQKRYLMLHDSYVALYKNDKQNDDAILKIPLTSIISVSRTQLKQYCFELVRCSDRNSVSSGSSSSLNVSSDSNSKKSIYIATKTESDLHSWLDAIFAKCPLLSGVSSPTNFTHKVHVGFDPETGSFVGMPTNWEKLLKHSRITGEDWNNNSAAVIQVLQFYQEYNGAGNPTNTLDKPQSGETSSSQKSLPNSYNDNKLRNNSVNSKSSSGVSSSMVSQRKTSQPPNTKSPVSLGSGSLPPINTKLPTSQSNIPRHLQNVPNQQYPKMRNGHSPTNGQFPRGPMHPNNSQRSLQQQQQQQQQQKQQHQQYPYHHQGPSPSPSPSPSPLNPYRPHHNMINPYSKQPQSPLSSQSTQNQAIPRYAQNSSPTAAHFQPQRTAPKPPISAPRAPYPSNQNATSNTHVQPVAPKNDQSTPQTMRQAPKRPDADVAQPGGVAKPKKPARPTMSTAEIMSKLKKVTVNADPSQCFKVIEKAGQGASGSVYLAERTHIPTESNMIELINNDIDEPHVGDKVAIKQMVLSKQPRKELIVNEILVMKDSRHKNIVNFLEAYLRTDDDLWVVMEFMEGGSLTDIIENSPTNDNSHSPLTEPQIAYIVRETCQGLKFLHDKHIIHRDIKSDNVLLDTRARVKITDFGFCARLTDKRSKRATMVGTPYWMAPEVVKQREYDEKIDVWSLGIMTIEMLEGEPPYLNEDPLKALYLIATNGTPKLKHPESLSLEIKRFLSVCLCVDVRYRASTEELLHHGFFNMACDPKDLTSLLEWKE	842	93909	9.18	396.812909604525
70	MSB3	P48566	MSB3	MQNDQQRFSLQNRTVLAHPYKRLGGAFTVKSPSVPNFHDKMHSDHSSSDSALVNGSFRANDHRSVEPSCLGQASPSEHDGNLSVIDLYGDEVESQRAEGEDDDDNNGDNGNEDLEEVHSDDLDLVPDDDNRQRVELEGAASATSANSNGINNTHFDRYGFKKQNNYISEAEYDKWWVEYSQYCVRRKHKWQLLLEKSGLPVTDDSPSRFPSKSERLKRYVRKGIPAEWRGNAWWHFARGQEKLNKNKGVYSQLLRKMKQIKKQNPNEKQVQDLDIIERDLNRTFPDNIHFQSSLHNKEGPPIIKSLRRVLVAFSLYNPKIGYCQSMNFLAGLLLLFLDEERAFWMLVIITSRYLPGVHNINLEGVNIDQGVLMLCVKEYIPEVWSYIKPSIDHHQKNNKTFSPSNKKVLFNMQKNEFLYRLPPITLCTASWFMSCFVGVVPIETTLRIWDCLFYEESHFLFKVSLAVLKLSEHDLSKIKPRNNSLNYSWGSNLNQRGGSMGQEDSDMEIFQVIQTFPKTLLNPNEIFEKIIFKRRFNLNRLDQDEIDRCRKFVAAQRLKFKTYGELLGNSTSEADLPINDNTDNKGIHITSDAVNEALSSEVYGFKKSLAGVHWNNSIKEKVKQMRKKKDKGD	633	72999	7.3	251.306608793167
71	KEL2	P50090	KEL2	MVPFKLTNKVPTDTGPSLISAQSVPRPIVFMDNRNNTRIVTPTLPPNQHRGISGASTALPWSPESKNTGKYIWNRVKLKNSPFPRYRHSSSFIVTNDNRIFVTGGLHDQSVYGDVWQIAANADGTSFTSKRIDIDQNTPPPRVGHASTICGNAYVVFGGDTHKLNKNGLLDDDLYLFNINSYKWTIPQPIGRRPLGRYGHKISIIASNPMQTKLYLFGGQVDETYFNDLVVFDLSSFRRPNSHWEFLEPVGDLPPPLTNHTMVAYDNKLWVFGGETPKTISNDTYRYDPAQSEWSKVKTTGEKPPPIQEHASVVYKHLMCVLGGKDTHNAYSNDVYFLNLLSLKWYKLPRMKEGIPQERSGHSLTLMKNEKLLIMGGDKTDYASPNIHDLQTSETDQGEGTLLYTLDLSSLNELCPGIMCESLHAGESFSNSLSGGFTPSKSTESENQEIINILTPRLPDSKVLSYNDIDEGAGSYSSALDDKAFERKSDREEKKPQSSKVDSSINKESPGTGIKVSKKNFPVLRGLTVDSEEYGSSSYKDTSCQKGIPKNLFDDLNLNLQTLRLEAQQKELETARHISQLEKEVQRLMVIKEASKDSNFQTARLKNLEIQKTFLESRINDLKNLLMVKLSQASKLCDQITIQNNGLKTCSEHVTIKRDIIDLENKCDVLKRQNEILVNNMQKITPELHTYLNESSCYLGKLLKSYPTSARPPSSEKDNQIYEKDSLNKIEKVINEMHETVRAKEKLHLETQKLNDERDSLRANLLDNNNKLDALRKLSDGSSKSMDLTKKAIHLSQSELEKYRKNNDDLQKEIDRIKTEQAEQDDKQEQRGAITHGNFDAFHRMKINNLKAELYMSKENRDSLKDELLALKKKLYTLEQKK	882	99975	8.24	157.050029006242
72	ZDS1	P50111	ZDS1	MSNRDNESMLRTTSSDKAIASQRDKRKSEVLIAAQSLDNEIRSVKNLKRLSIGSMDLLIDPELDIKFGGESSGRRSWSGTTSSSASMPSDTTTVNNTRYSDPTPLENLHGRGNSGIESSNKTKQGNYLGIKKGVHSPSRKLNANVLKKNLLWVPANQHPNVKPDNFLELVQDTLQNIQLSDNGEDNDGNSNENNDIEDNGEDKESQSYENKENNTINLNRGLSRHGNASLIRRPSTLRRSYTEFDDNEDDDNKGDSASETVNKVEERISKIKERPVSLRDITEELTKISNSAGLTDNDAITLARTLSMAGSYSDKKDQPQPEGHYDEGDIGFSTSQANTLDDGEFASNMPINNTMTWPERSSLRRSRFNTYRIRSQEQEKEVEQSVDEMKNDDEERLKLTKNTIKVEIDPHKSPFRQQDEDSENMSSPGSIGDFQDIYNHYRQSSGEWEQEMGIEKEAEEVPVKVRNDTVEQDLELREGTTDMVKPSATDDNKETKRHRRRNGWTWLNNKMSREDDNEENQGDDENEENVDSQRMELDNSKKHYISLFNGGEKTEVSNKEEMNNSSTSTATSQTRQKIEKTFANLFRRKPHHKHDASSSPSSSPSSSPSIPNNDAVHVRVRKSKKLGNKSGREPVEPIVLRNRPRPHRHHHSRHGSQKISVKTLKDSQPQQQIPLQPQLEGAIEIEKKEESDSESLPQLQPAVSVSSTKSNSRDREEEEAKKKNKKRSNTTEISNQQHSKHVQKENTDEQKAQLQAPAQEQVQTSVPVQASAPVQNSAPVQTSAPVEASAQTQAPAAPPLKHTSILPPRKLTFADVKKPDKPNSPVQFTDSAFGFPLPLLTVSTVIMFDHRLPINVERAIYRLSHLKLSNSKRGLREQVLLSNFMYAYLNLVNHTLYMEQVAHDKEQQQQQQQQP	915	103358	5.95	94.1770524499588
73	ROM2	P51862	ROM2	MSETNVDSLGDRNDIYSQIFGVERRPDSFATFDSDSHGDISSQLLPNRIENIQNLNVLLSEDIANDIIIAKQRRRSGVEAAIDDSDIPNNEMKGKSSNYILSQQTNIKEVPDTQSLSSADNTPVSSPKKARDATSSHPIVHAKSMSHIYSTSNSASRQAKHYNDHPLPPMSPRNEVYQKNKSTTAFVPKRKPSLPQLALAGLKKQSSFSTGSASTTPTQARKSPLQGFGFFSRPSSKDLHEQHQHHQHIQHNNINNHNNNNTNNNGAHYQVGSSNSNYPQHSHSISSRSMSLNSSTLKNIASSFQSKTSNSRKATQKYDITSNPFSDPHHHHHHHHSSNSHSSLNNVHGSGNSSSVMGSSSNIGLGLKTRVSSTSLALKRYTSVSGTSLSSPRRSSMTPLSASRPVMSASSKKPQVYPALLSRVATKFKSSIQLGEHKKDGLVYRDAFTGQQAVDVICAIIRTSDRNLALLFGRSLDAQKLFHDVVYEHRLRDSPHEVYEFTDNSRFTGTGSTNAHDPLMLLPNSSSFNSGNHSYPNSGMVPSSSTSSLNSDQATLTGSRLHMSSSLSQQKNPAAIHNVNGVFTLLAECYSPTCTRDALCYSISCPRRLEQQARLNLKPNGGLKRNISMALDDDDEEKPSWTSSVSKEDWENLPKKEIKRQEAIYEVYITEKNFVKSLEITRDTFMKTLAETNIISADIRKNFIKHVFAHINDIYSVNRRFLKALTDRQRSSPVVRGIGDIVLRFIPFFEPFVSYVASRPYAKYLIETQRSVNPYFARFDDDMMSSSLRHGIDSFLSQGVSRPGRYMLLVKEIMKSTDPEKDKSDYEDLSKAMDALRDFMKRIDQASGAAQDRHDVKLLKQKILFKNEYVNLGLNDERRKIKHEGILSRKELSKSDGTVVGDIQFYLLDNMLLFLKAKAVNKWHQHKVFQRPIPLPLLFACPGEDMPALRKYIGDHPDCSGTVIQPEYNTSNPKNAITFLYYGAKQRYQVTLYAAQYAGLQTLLEKIKQGQAAIISKTEMFNVTKMSDRFFDYTNKINSVTSCDGGRKLLIATNSGLYMSNIKRQQNKDHRHKSSAFFSTPIQLVQRNNITQIAVLEEFKSIILLIDKKLYSCPLSLIEAEGNGTSFFKKHHKELINHVSFFAEGDCNGKRLIVTAHSSSHSIKYFEHEHPLLAEKNGSGSGNKKSLKKKITEVIFDSEPVSISFLKANLCIGCKKGFQIVSISQNAHESLLDPADTSLEFALRDTLKPMAIYRVGNMFLLCYTEFAFFVNNQGWRKKESHIIHWEGEPQKFAIWYPYILAFDSNFIEIRKIETGELIRCVLADKIRLLQTSTQEILYCYEDYRGYDTVASLDFWG	1356	152596	9.26	205.258474899227
74	KIP3	P53086	KIP3	MNVPETRQSSIVVAIRVRPFTSMEKTRLVNEASGAEANFPGLGDSSLILPMSNNSDSDIDIDAEEGSTRSKRNSLLRRKVIRPEGIRKIVDCVDDRMLIFDPADRNPLNKVSDQVLNSMRARATKATASSINNSNATNKFSSQRRRHGGEIKFVFDKLFDETSSQARVYKETTSPLLDSVLDGFNSTVFAYGATGCGKTYTVSGTPSQPGIIFLAMEELFNKITDLKDEKDFEISLSYLEIYNERIRDLLKPETPSKRLVIREDTQNHIKVANLSYHHPNTVEDVMDLVVQGNINRTTSPTEANEVSSRSHAVLQIHIMQTNKLVDLTSQHTFATLSIIDLAGSERAAATRNRGIRLHEGANINRSLLALGNCINALCLNDGSRSCHIPYRDSKLTRLLKFSLGGNCKTVMIVCISPSSSHYDETLNTLKYANRAKEIKTKIIRNQQSLSRHVGSYLKMITEQKRQIEELREREEKMISLKLTKYKLNKEKIQLAINECVNRVQQTYAGVETYQVAKTLKSLILCKRRFLQMVKLEVDNLILLFEREESTAAEMQPVISNCRMISGQLYNKIHELEMKFDETDTLSSVIHQVHSIDLNKLREMEDWDETYDLVYLESCLNQISELQRNEILVNSSIMTEKLMSDPGLNSRFKFLSKWLMNRTPNIESIIQDLVHIDEEFESFARTFIANPDSNFTNTNINIINTTAADLAVPAETLQRQNFSQKKVKWTSPDLSPSPMIEPQPELEPELHQDQDAIASEVDVSMQDTTFNEQGPSTPSAPTTAVPRRKMRSSLLTHQSLLATARK	805	91090	6.66	52.3112405270539
75	ERV14	P53173	ERV14	MGAWLFILAVVVNCINLFGQVHFTILYADLEADYINPIELCSKVNKLITPEAALHGALSLLFLLNGYWFVFLLNLPVLAYNLNKIYNKVQLLDATEIFRTLGKHKRESFLKLGFHLLMFFFYLYRMIMALIAESGDDF	138	15930	6.39	9712.20071743674
76	BUD9	P53226	BUD9	MTKITRDVSITTENSKSTSGSATASSASLPENDHPIFHQPRARIRSGSLFIEGSDSFPSSEVKSYNVYIDDSKYSEILKGDTNSSSTDGKQVFEDARDDNFHQESHRDLEDSILDLVRRDPEVAAFPLPPPNSNERNRNSSNGSSAETNLNGHSSSGTISTSVLLNMGSAEKHAGTTRGDHMESSSMKSFEKLGTRPSSLFYPPPEGTAPYQGPRATVSGNKSTRQTQGTYSFPSMRYGVDLVSPVEGAVDVAKSRVPNSTLNGTFPDKAFIPHEFQIPKKAWNRIPANKSTSLKTPRNHSLLIDILKPFEAADLANDQRSSSAVLKNTVHSNGQYNPTNETSGTRMQDQRQKNTNEIDLEKIPNPQVPLGIAMDTMRSPNQLHEKEYESNIEAGLASGVGKGDNSIKQHQYKKIPQEIDRDQQLSFQMETMPIQRIDSSSIRSFDSRIYGFSEIYSIPRVITTLCICLFVPPLFFFFSINGNNGVSNYRLMRMIMNYEHRIGLLKGFEWDIDVQWFRTLCFVLGCIEMLAIFASIGIGFGVGIIRE	547	60751	6.26	10.6689558022863
77	PEF1	P53238	PEF1	MCAKKLKYAAGDDFVRYATPKEAMEETRREFEKEKQRQQQIKVTQAQTPNTRVHSAPIPLQTQYNKNRAENGHHSYGSPQSYSPRHTKTPVDPRYNVIAQKPAGRPIPPAPTHYNNLNTSAQRIASSPPPLIHNQAVPAQLLKKVAPASFDSREDVRDMQVATQLFHNHDVKGKNRLTAEELQNLLQNDDNSHFCISSVDALINLFGASRFGTVNQAEFIALYKRVKSWRKVYVDNDINGSLTISVSEFHNSLQELGYLIPFEVSEKTFDQYAEFINRNGTGKELKFDKFVEALVWLMRLTKLFRKFDTNQEGIATIQYKDFIDATLYLGRFLPH	335	38342	9.26	389.258034075547
78	BUD32	P53323	BUD32	MTQEFIDKVSSYLTPDVDIAPISQGAEAIVFTTTTHPYLPRAKDSHQKYIIKYRPPKRYRHPQIDQALTKHRTLNESRLLAKLYLIPGLCVPQLIACDPYNGFIWLEFLGEDLPGGHGFSNLKNFLWMHDQDPYSDLVATTLRKVGRQIGLLHWNDYCHGDLTSSNIVLVRDGARWTPHLIDFGLGSVSNLVEDKGVDLYVLERAILSTHSKHAEKYNAWIMEGFEEVYREQGAKGAKKLKEVTKRFEEVRLRGRKRSMLG	261	29936	8.81	1529.76076222876
79	RHO5	P53879	RHO5	MRSIKCVIIGDGAVGKTSLLISYTTNSFPTDYVPTVFDNYSTTIAIPNGTASSPLELDNGNDKRGSLSSASSSPSTDRKLYKINLWDTAGQEDYDRLRPLCYPQTDIFLICFSVSEHASFANVTEKWLPELKQTSNIEGTSLYTKLGKYPILLVGTKSDLRDDPATQKKLQEANSDYVSQEEIDELVQRCGFMGYTECSAATQAGVREVFEQAVRYAIYEPESPNQKSANHTLTDELTTATTNTNGDKNIREQKQQPHHNNSTDSTLPKGSLQQEKEALNIKPTKKGQKDKIHEQSKSKGSKIASNNHHNKQAKPKTRNDKKKKKSKCVIL	331	36818	8.68	760.04596132953
80	CBK1	P53894	CBK1	MYNSSTNHHEGAPTSGHGYYMSQQQDQQHQQQQQYANEMNPYQQIPRPPAAGFSSNYMKEQGSHQSLQEHLQRETGNLGSGFTDVPALNYPATPPPHNNYAASNQMINTPPPSMGGLYRHNNNSQSMVQNGNGSGNAQLPQLSPGQYSIESEYNQNLNGSSSSSPFHQPQTLRSNGSYSSGLRSVKSFQRLQQEQENVQVQQQLSQAQQQNSRQQQQQLQYQQQQQQQQQQQHMQIQQQQQQQQQQQQSQSPVQSGFNNGTISNYMYFERRPDLLTKGTQDKAAAVKLKIENFYQSSVKYAIERNERRVELETELTSHNWSEERKSRQLSSLGKKESQFLRLRRTRLSLEDFHTVKVIGKGAFGEVRLVQKKDTGKIYAMKTLLKSEMYKKDQLAHVKAERDVLAGSDSPWVVSLYYSFQDAQYLYLIMEFLPGGDLMTMLIRWQLFTEDVTRFYMAECILAIETIHKLGFIHRDIKPDNILIDIRGHIKLSDFGLSTGFHKTHDSNYYKKLLQQDEATNGISKPGTYNANTTDTANKRQTMVVDSISLTMSNRQQIQTWRKSRRLMAYSTVGTPDYIAPEIFLYQGYGQECDWWSLGAIMYECLIGWPPFCSETPQETYRKIMNFEQTLQFPDDIHISYEAEDLIRRLLTHADQRLGRHGGADEIKSHPFFRGVDWNTIRQVEAPYIPKLSSITDTRFFPTDELENVPDSPAMAQAAKQREQMTKQGGSAPVKEDLPFIGYTYSRFDYLTRKNAL	756	86946	7.72	637.818250759875
81	DMA2	P53924	DMA2	MYTPIPANTPAPTAPTSSMTSNSSSASNANTTSSSGINPRNRASGTPSNERARPASGISSFLNTFGIRQNSQTASSSAAPDQRLFGTTPSNSHMSVAMESIDTAPQQQEPRLHHPIQMPLSAQFHVHRNYQLPISISLTAPTTTDHQQSSAHNFEGNNVGNVQESLNQRQPNGTNNTTTSIISMAPAATTRNIVGGADGSTIVNNSQEMYKNLRHLIYAANQPNGTEILHLDLPATSAEESNNMFNVDEVTLKQRKDKHGLFSIRLTPFIDSSSTTNQGLFFEPIIRKAGPGSQLVIGRYTERVRDAISKIPEQYHPVVFKSKVVSRTHGCFKVDSQGNWYIKDVKSSSGTFLNHQRLSPASSLSKDTPLRDGDILQLGMDFRGGTEEIYRCVRMRIELNRSWKLKANSFNKEALQRLQNLQKLTTGIEEEDCSICLCKIKPCQAIFISPCAHSWHFRCVRRLVMLSYPQFVCPNCRSSCDLEASFESSDEEDESDVESEGDQLVDQLSVLMETSKDVDSHP	522	57584	6.6	353.045906260971
82	NIS1	P53939	NIS1	METYETSIGTQSYPPTLFPPPLGTGGFTTSGYIHALVDSTSNSNSNSNTNSNTNSNTNSNSDTKIPIVQISDDSHITHDSFKPYMEYHDASHLRNRNISKADQVESTEVMEQFTQWSNYKMRSRSPTINAKPIRHTSQRRTDFTSKNELSKFSKNHNFIFHKGFLKRQHSIRREDRQAKVRSRFRSKKELTSVLNYIELEQMDIANVLASQPVNLHAIRNLTSRDPAVTPIPFLRSQMYATSSRPPYLRNRSISRKLPKSQPGSLPTTMPATATKTIKQNSTTPTTRSVYNKNVGRSNTSPSVLYHPKRRGKLNTKSHARKEQLLLELWREYLMLVITQRTQLRLTLLCSPGSASNESSVCSSNASDLDMSLLSTPSSLFQMAGETKSNPIIIPDSQDDSILSSDPF	407	45908	9.92	33.9570182771329
83	SLM2	Q06164	MMS22	MDVDEPNPIVISDSEATDEEISIIYEPEFNENYLWAEENVQEASRSQKIVTERLSLDSTAGESCTPSVVTDTQVTTGLRWSLRKRKAIQKMPYSLERIKHRQLLEGYDISSFDSISNQLTLPKNASTVIHSNDILLTKRTGKPLDEQKDVTIDSIKPENSSVQSQRYDSDEEIPKKRHRTFKDLDQDIVFQSGDSTEDEQDLASTNLQNTQNDEVIFRGRVLNVRTGYRGVLPRVAWEKSLQKQQSSKVTKRKTQLLNHKGVAKRKMNRSAHIEDEEQNLLNDLIAPDDELDIEENAPPDIYLGNLPEDREANEKELKELQEYYESKYSEDAQSAGTSGFNLNEEYRNEPVYELEYDGPGSCISHVSYKDQPIIYLNSRHSDSGFSEQYNISAEDNQSVISLDAAEEHNDGIIDKMLVKPKRIKATNDANFLNTKSKRVRRYKYKYRNSCLAPSTKAIKVGKRSAHKSHLAANNPVSFVSKKNHVIDDYFFEELESQSLEQDDSSSLKPQKKRRKKKAPIYSSFSADLESRRKPVFNTVVEVPTNRYAFTKPNVRNRDSINHDMEFEEEDSNQELGPIMVVLDSILLKKPFEPPNFFKIQLSDKSFLLSKLNPADIATSLQKIFRVIIDKGITDTELVHFNESLIAFLVHLDMPELFDLIGEFHREFRSKVNSLRKKAKPIHFFQIAACQLMFLEISRYNKISAAAKFDMDVKLLDHIVSFFKLLSVCYDSVMKNPMQYLYTSYYILSAVVDVIHKKEALWDLFQKHPFSPHISLLLVNIFPTKVCRWQVLRLDSEFQPLSSAFRFINYCIETCNWNVTNSLILSLDRIFKRRRFSDFEEESDLSQNNKIIYPPTNQLTSRLMFNRYLHLLTLCELSSSDTQRVIPMGDISMNDSLSVLKNRLNLLIVLATRFDLNLEKRFQELTRPLYSKEYLNLHTQNTVRTITTLIMQASLSFLEISRIKNHPFSGKFIASLFDKLVLQQPSISGVTENFLKEFTNLVSKMKRKSVSMLKFLYPSLVAMSQENIFESSFFLLLQVYLKSLDVLGPTWVQNYLFQFIKSKAQENERWIECYCQIGKFLVDSGIFTWWTFFTYNGLDAALHFQLAFHSLIIDFCDTDSFELLKKPLYSIASDLLLISKDDAFYHFLSNLLKRAHIIVADLKPVSDENELLRLAYIFSKALKKNAYQDLLAVFLSLAKKHYDEGDISRNFLAKYLEFLNKNCLTELRNNQLFISLRRELGISSDEDEKCAFWDSFNEAGDILSKAAFVETGIVQACCTGNEIDGYLDNLSTLFTSTMLESPFAFFSDLVIAHIFENRPFFDVNIKNFLLSHFIDLFNKVLKMKFEQVSPDEFAELCKVYRALCIECATDDTFNSNSDLIAAKDAFLVSVLRIADGFWEHDKLLQLRMLDSNMNIPNQIPHTTLQSSLSAIVIKIIESNIGKIEASEPFKTFKNT	1454	167683	5.84	
84	ZDS2	P54786	ZDS2	MVLMEDMQNKDGHNTVENSSGGTDSNNNIQMRRMRKTQLSKKELFEKRKSDVLIAAKSLDTEIQNVKNLKRLSIGSMDLVIDPELEFKVNSRNSYSSDSSKESLQESLHEENIIRSEQKEEQGSEDNDAYEEGDATNVDDSIDITQTEYLHDEETLEKEKIIRNASSSTSSSARVTSRNRRLSGVKTLAHDVVLDVENDHDSKMVDLTQNLLWVPADQHPNVKPENYLELIQDTLQNIQISTNQDIDENKLELGNNHVISNRKRTGSVVRRPSRLKTSYTKFDDEPPLADKPQEGEIQVDKRISSSDIKTIRSVSLKEITEELTKISNNAGLTDSDAVTLARSLSMSGSFTNESLHLNGNHTENDNEFASNMFNETGLTIPERSSLRRSKFNTYKIRLEGSSLPQAVKLNSLMNIQTNDNRRSASSPASYTQVPQEQASLNDFHEIFDHYRRTSTDWSTENEKYVDSTNYYSDEEDLTHASISQESSLLSTDSSNNSVLIKPHNTGSMISEKLDQHVSSSEKSNTNNSEANHGWSWLNSSNGSLNANEQTYQQLTDDEDDEECVDNEKADFVNLSVSRRAKSTKRASERINHSKNRHSPIFQIHSEEAKSVVITPSVVSSSESQPSKPTAPAVVEKKVELPTDTQASTHKKNSLEKRLAKLFKRKQHNGTCKSDVKVIKKSVKKELKKKASHSSLSKFRKSPKKKPQEAEVERPSSPTKTITTEDIDTASVIEPEVRSSNASTLLPDSHTSHSSEFVVETISELDGDDSFDISGGDVNYDVEVHSSISRDTTAGLEEDIGAEREDNTSPTAPQISTLPPRKLTFEDVVKPDYSNAPIKFTDSAFGFPLPMITNSTVIMFDHRLGINVERAIYRLSHLKLSDPGRELRQQVLLSNFMYSYLNLVNHTLYMEQVGTGDIAFNGDSALGMMDKNDSDGTILIPDI	942	105496	5.22	65.3892772177123
85	SLG1	P54867	SLG1	MRPNKTSLLLALLSILSQANAYEYVNCFSSLPSDFSKADSYNWQSSSHCNSECSAKGASYFALYNHSECYCGDTNPSGSESTSSSCNTYCFGYSSEMCGGEDAYSVYQLDSDTNSNSISSSDSSTESTSASSSTTSSTTSSTTSTTSSTTSSTTSSMASSSTVQNSPESTQAAASISTSQSSSTVTSESSLTSDTLATSSTSSQSQDATSIIYSTTFHTEGGSTIFVTNTITASAQNSGSATGTAGSDSTSGSKTHKKKANVGAIVGGVVGGVVGAVAIALCILLIVRHINMKREQDRMEKEYQEAIKPVEYPDKLYASSFSSNHGPSSGSFEEEHTKGQTDINPFDDSRRISNGTFINGGPGGKNNVLTVVNPDEAD	378	39270	4.68	271.317682821259
86	ACT1	P60010	ACT1	MDSEVAALVIDNGSGMCKAGFAGDDAPRAVFPSIVGRPRHQGIMVGMGQKDSYVGDEAQSKRGILTLRYPIEHGIVTNWDDMEKIWHHTFYNELRVAPEEHPVLLTEAPMNPKSNREKMTQIMFETFNVPAFYVSIQAVLSLYSSGRTTGIVLDSGDGVTHVVPIYAGFSLPHAILRIDLAGRDLTDYLMKILSERGYSFSTTAEREIVRDIKEKLCYVALDFEQEMQTAAQSSSIEKSYELPDGQVITIGNERFRAPEALFHPSVLGLESAGIDQTTYNSIMKCDVDVRKELYGNIVMSGGTTMFPGIAERMQKEITALAPSSMKVKIIAPPERKYSVWIGGSILASLTTFQQMWISKQEYDESGPSIVHHKCF	375	41690	5.44	117201.966941721
87	BUD25	P85052	BUD25	MFCTWDSWDTGTSRKSHSPHRNCLAVRFLQLPFSSFLPCVITYMKSWQTSIGDSEFPLTSFQILVTDAEVVVQRIFDCINGYLPGWHYRNTVFIEHTTSYHRSHFCIFVEGVWVCGEFVKKWFEIPFDNRIENYTKQFPWILIGFGNQVSKAL	153	18006	6.99	
88	RHO3	Q00245	RHO3	MSFLCGSASTSNKPIERKIVILGDGACGKTSLLNVFTRGYFPEVYEPTVFENYIHDIFVDSKHITLSLWDTAGQEEFDRLRSLSYSDTQCIMLCFSIDSRDSLENVQNKWVGEITDHCEGVKLVLVALKCDLRNNENESNAITPNNIQQDNSVSNDNGNNINSTSNGKNLISYEEGLAMAKKIGALRYLECSAKLNKGVNEAFTEAARVALTAGPVATEVKSDSGSSCTIM	231	25312	4.89	3956.81453028085
89	RHO4	Q00246	RHO4	MNTLLFKRKGGNCGNESNIVSQGSPSSSNLPESPGTLDEKNLPRLPTPFARSLSTIPSYEQMKRTNKLPDYHLKIVVVGDGAVGKTCLLISYVQGTFPTDYIPTIFENYVTNIEGPNGQIIELALWDTAGQEEYSRLRPLSYTNADVLMVCYSVGSKTSLKNVEDLWFPEVKHFCPSTPIMLVGLKSDLYEADNLSDLVEPSSAESLAKRLGAFAHIQCSARLKENIDEVFETAIHTLLSDSLYAPREPTHTIKNPFKRNTTRSDIDSSTGDTSVSISGTKRLRKNKCIIM	291	32186	6.24	130.309656312457
90	BCK1	Q01389	BCK1	MPFLRKIAGTAHTHSRSDSNSSVKFGHQPTSSVASTKSSSKSPRATSRKSIYDDIRSQFPNLTPNSTSSQFYESTPVIEQSFNWTTDDHISAGTLENPTSFTNSSYKNDNGPSSLSDSRKSSGGNSVNSLSFDKLILSWDPTDPDEWTMHRVTSWFKFHDFPESWILFFKKHQLFGHRFIKLLAYDNFAVYEKYLPQTKTASYTRFQQLLKKTMTKNVTNSHIRQKSASKLKSSRSSSESIKSKLKNSKSQEDISNSRSTSESALSPTKSGPSKTDEKNFLHSTSTHQKTKSASSLYRRSFISLRGSSSSNASSAKSPSNIKLSIPARPHSIIESNSTLTKSASPPASPSYPSIFRRHHKSSSSESSLLNSLFGSGIGEEAPTKPNPQGHSLSSENLAKGKSKHYETNVSSPLKQSSLPTSDDKGNLWNKFKRKSQIGVPSPNTVAYVTSQETPSLKSNSSTATLTVQTADVNIPSPSSSPPPIPKTANRSLEVISTEDTPKISSTTASFKETYPDCINPDKTVPVPVNNQKYSVKNFLLDQKFYPLKKTGLNDSENKYILVTKDNVSFVPLNLKSVAKLSSFKESALTKLGINHKNVTFHMTDFDCDIGAAIPDDTLEFLKKSLFLNTSGKIYIKDQMKLQQKPKPAPLTSENNVPLKSVKSKSSMRSGTSSLIASTDDVSIVTSSSDITSFDEHASGSGRRYPQTPSYYYDRVSNTNPTEELNYWNIKEVLSHEENAPKMVFKTSPKLELNLPDKGSKLNIPTPITENESKSSFQVLRKDEGTEIDFNHRRESPYTKPELAPKREAPKPPANTSPQRTLSTSKQNKPIRLVRASTKISRSKRSKPLPPQLLSSPIEASSSSPDSLTSSYTPASTHVLIPQPYKGANDVMRRLKTDQDSTSTSPSLKMKQKVNRSNSTVSTSNSIFYSPSPLLKRGNSKRVVSSTSAADIFEENDITFADAPPMFDSDDSDDDSSSSDDIIWSKKKTAPETNNENKKDEKSDNSSTHSDEIFYDSQTQDKMERKMTFRPSPEVVYQNLEKFFPRANLDKPITEGIASPTSPKSLDSLLSPKNVASSRTEPSTPSRPVPPDSSYEFIQDGLNGKNKPLNQAKTPKRTKTIRTIAHEASLARKNSVKLKRQNTKMWGTRMVEVTENHMVSINKAKNSKGEYKEFAWMKGEMIGKGSFGAVYLCLNVTTGEMMAVKQVEVPKYSSQNEAILSTVEALRSEVSTLKDLDHLNIVQYLGFENKNNIYSLFLEYVAGGSVGSLIRMYGRFDEPLIKHLTTQVLKGLAYLHSKGILHRDMKADNLLLDQDGICKISDFGISRKSKDIYSNSDMTMRGTVFWMAPEMVDTKQGYSAKVDIWSLGCIVLEMFAGKRPWSNLEVVAAMFKIGKSKSAPPIPEDTLPLISQIGRNFLDACFEINPEKRPTANELLSHPFSEVNETFNFKSTRLAKFIKSNDKLNSSKLRITSQENKTE	1478	164195	9.5	130.901095308031
91	OSH6	Q02201	OSH6	MGSKKLTVGSDSHRLSKSSFSSNKSSHSATKDQPIDTDDIDEDDESGHNIILNIISQLRPGCDLTRITLPTFILEKKSMLERVTNQLQFPEFLLQAHSEKDPLKRFLYVMKWYLAGWHIAPKAVKKPLNPVLGEYFTAYWDLPNKQQAYYISEQTSHHPPECAYFYMIPESSIRVDGVVIPKSRFLGNSSAAMMDGSTVLQFLDIKDGNGKPEKYVLTQPNVYVRGILFGKMRIELGDHMIIKSPNFQADIEFKTKGYVFGTYDAIEGTVKDYDGNAYYEISGKWNDVMYLKDLKQPRSSPKVFLDTHKESPLRPKVRPLSEQGEYESRKLWKKVTDALAVRNHPVATEEKFQIEDHQRQLAKKRIEDGVEFHPKLFRRSKPGEDLDYCIYKNIPVDEDPEKQIRSILQIAPILPGQQFTDKFFIPAFEKIKSQKKMIENEKQNPAKQ	448	51588	8.56	2287.96466103934
92	DYN2	Q02647	DYN2	MSDENKSTPIVKASDITDKLKEDILTISKDALDKYQLERDIAGTVKKQLDVKYGNTWHVIVGKNFGSYVTHEKGHFVYFYIGPLAFLVFKTA	92	10441	7.93	8726.62232468712
93	MUB1	Q03162	MUB1	MRDSNHRSLTSNKPIVTITSTVYDRRALDINSSIPLINSLNYLTYLTSNSSKVRETVANDGALERLVSILRSCHLSLFELLDLDLENFNEHENIKDLWKEKRLALCAWKWTLTFQCLVLTGTRGTEQIRKKVVMSGVLSVLVTVLDNYLLYHKNYDFIKDQTMTFDFKGITTETMYKFMRKDENETYQQYIEFITGQDKLKLSTDKNFLNERLVAPSMTIPTDFSDIWGRFADLASNFEPDQERHDDDIDIDSEVESENFDAHKNFFSQPDINRPTISTPREFFLGRIVPKQDDVIWSLQLLAFVSKYTYMKSTLQNVELVESLSFRSMAYKIKQRISEENDLEEQERDVTVKLSSLYPYLSKNPENNSKVKALDTSKMDPFFKELEELSNRCQQEEQNEICNNHCPVLNLFERYRVPKPSDDNAYGKDKERINLRKKISDNFERRWSYDKMKKELTNIVYKNKVLTNVVNIFPLVEKYTVSAENTHDVIYWSSVIMRNSCRKNEILGVRQCANFSCGKWEDFPRQFAKCRRCKRTKYCSRKCQLKAWGYHRYWCHEVGSSHMRSTNTTTGVNTPNEPSSLNATATTAADVSNSTSTFTPNISTTVPDEISNRDENSIPE	620	72251	6.47	8.75327477399054
94	STE20	Q03497	STE20	MSNDPSAVSELPDKDSLDNGISNDNERAMGGNGDGGDGLRLPRTTGTLNVNALQKGTNAAHEAGGYKSMDPAKNAETTNDDDNNVVSLDDPIQFTRVSSSSVISGMSSSMSPHSNIDETKSLEAVTPNINTSNITPDHSADNTFSTINASESDHQFNDTLLSKLSLTDSTETIENNATVKHQQPVASSTVNSNKSSTDIRRATPVSTPVISKPSMTTTPRQINSASHSLSNPKHKQHKPKVKPSKPEAKSKPVSVKKSFPSKNPLKNSSPPKKQTEKSYYSSSSKKRKSGSNSGTLRMKDVFTSFVQNIKRNSQDDKRASSSSNNSSSSSITTALRISTPYNAKHIHHVGVDSKTGEYTGLPEEWEKLLTSSGISKREQQQNMQAVMDIVKFYQDVTETNGEDKMFKTFNTTTGLPGSPQVSTPPANSFNKFPPSTSDSHNYGSRTGTPMSNHVMSPTLNTDSSSANGKFIPSRPAPKPPSSASASAPIIKSPVMNSAANVSPLKQTHAPTTPNRTSPNRSSISRNATLKKEEQPLPPIPPTKSKTSPIISTAHTPQQVAQSPKAPAQETVTTPTSKPAQARSLSKELNEKKREERERRKKQLYAKLNEICSDGDPSTKYANLVKIGQGASGGVYTAYEIGTNVSVAIKQMNLEKQPKKELIINEILVMKGSKHPNIVNFIDSYVLKGDLWVIMEYMEGGSLTDVVTHCILTEGQIGAVCRETLSGLEFLHSKGVLHRDIKSDNILLSMEGDIKLTDFGFCAQINELNLKRTTMVGTPYWMAPEVVSRKEYGPKVDIWSLGIMIIEMIEGEPPYLNETPLRALYLIATNGTPKLKEPENLSSSLKKFLDWCLCVEPEDRASATELLHDEYITEIAEANSSLAPLVKLARLKKVAENMDADEDNDDDNDNEHINKTNNCDDNNDSKETVNLDVTEDDKQK	939	102362	6.89	879.480859435314
95	ROT1	Q03691	ROT1	MWSKKFTLKKLILGGYLFAQKVYCEDESNSIYGTWSSKSNQVFTGPGFYDPVDELLIEPSLPGLSYSFTEDGWYEEATYQVSGNPRNPTCPMASLIYQHGTYNISENGTLVLNPIEVDGRQLFSDPCNDDGVSTYSRYNQTETFKEYAVGIDPYHGIYTLQLYQYDGTPMQPLYLAYRPPMMLPTETLNPTSSATSTDDPSSNKKRSLRSLVRRSLENRHKTNAIKRQNTSFLTSNAIWYISAGMLGVGSLLFLAF	256	28908	5.44	
96	BUD26	Q03783	BUD26	MILIFFAYISRRETVSQRQTSTIVYNITLMFSTLRCALKILAQIKKRLQQTSSNHENKKYEEVIKDHVGVKIQNIICLLAFVLVVYYQMRCKKMT	95	11234	9.91	
97	ATC1	Q04005	ATC1	MNTNQSNPNTDLTDDANIEHTLHRLLTQANNHFDDTVKIDGQSLDLGKDLEQVMMDNLDCTDIFDSDIASQKHLTLESLFNDEHNTDSSTLLEMQRSANDSLVGIDLDRHKKGYTGKASLDKSTNQNNVHKPDKEQKNYKIDKPTIKKKKSLLKTTNEPMLSPASLSPSSSLASSDANESHLKIESMITDITSKIDSARQDIVSATKPAKFTNEFTISQISEMKARIINTHKLLLNFNFIKEGYARSCIQLKKSMDSLKDSEIHRAHLLVENDDLKQQILELTQKLNEKSSKES	294	33114	5.78	
98	MYO5	Q04439	MYO5	MAILKRGARKKVHQEPAKRSANIKKATFDSSKKKEVGVSDLTLLSKISDEAINENLKKRFLNATIYTYIGHVLISVNPFRDLGIYTDAVMNEYKGKNRLEVPPHVFAIAESMYYNMKSYNENQCVIISGESGAGKTEAAKRIMQYIAAASSTHTESIGKIKDMVLATNPLLESFGCAKTLRNNNSSRHGKYLEIKFNNQFEPCAGNITNYLLEKQRVVSQIKNERNFHIFYQFTKGASDAYRQTFGVQKPEQYVYTAAAGCISAETIDDLQDYQETLKAMRVIGLGQEEQDQIFRMLAAILWIGNVSFIENEEGNAQVRDTSVTDFVAYLLQIDSQLLIKSLVERIMETNHGMKRGSVYHVPLNIVQADAVRDALAKAIYNNLFDWIVSRVNKSLQAFPGAEKSIGILDIYGFEIFEHNSFEQICINYVNEKLQQIFIQLTLKSEQETYEREKIQWTPIKYFDNKVVCDLIEARRPPGIFAAMNDSVATAHADSNAADQAFAQRLNLFTTNPHFDLRSNKFVIKHYAGDVTYDIDGITDKNKDQLQKDLVELIGTTTNTFLATIFPDTVDRESKRRPPTAGDKIIKSANDLVETLSKAQPSYIRTIKPNETKSPNDYDDRQVLHQIKYLGLQENVRIRRAGFAYRQVFEKFVERFYLLSPHCSYAGDYTWQGDTLDAVKYILQDSSIPQQEYQLGVTSVFIKTPETLFALEHMRDRYWHNMAARIQRAWRRFLQRRIDAATKIQRTIRERKEGNKYEKLRDYGTKVLGGRKERRSMSLLGYRAFMGDYLSCNESKSKGAYIKRQVSIKEKVIFSIHGEALHTKFGRSAQRLKKTFLLTPTTLYIVGQTLVQNAMTYTQDYKIDVRNIQAVSLTNLQDDWVAIKLASSGQPDPLINTYFKTELITHLKRLNDKIQIKIGSAIEYQKKPGKLHSVKCQINESAPKYGDIYKSSTISVRRGNPPNSQVHKKPRKKSSISSGYHASSSQATRRPVSIAAAQHVPTAPASRHSKKPAPPPPGMQNKAATRRSVPNPASTLTASQSNARPSPPTAATRATPAATPAAAAMGSGRQANIPPPPPPPPPSSKPKEPMFEAAYDFPGSGSPSELPLKKGDVIYITREEPSGWSLGKLLDGSKEGWVPTAYMKPHSGNNNIPTPPQNRDVPKPVLNSVQHDNTSANVIPAAAQASLGDGLANALAARANKMRLESDDEEANEDEEEDDW	1219	136899	9.32	2219.31505028421
99	ARP10	Q04549	ARP10	MSNTIVIVYLGANRIEIGRSADACPQEIIAWKTGSINEKNREELKKIFEHYFQICNILGNREVQVLILEDIFISVVEKRIICSILFKEFDCAHVSFVPRAIVHCLSCNTRNAIVIDIGTNYTTCVPIFDLRPLQQFIKYSKRGKRQVESRIPLPGSLYMPIFFDEEYNSKNCEVDETPVINLVKNIVESLPIDLRRPLRENIIIVNIEEAYETVIRNLFKLKMDTSKIQFPKNYWQAGSACAKILLHYKGSNIVGIERDEFYNNPHIAPDWFDYYFRTGVKRLQ	284	33018	8.01	8.00989276757691
100	SWF1	Q04629	SWF1	MSWNLLFVLLIGFVVLILLSPVFKSTWPFSTFYRNVFQPFLVDDQKYRWKLHLVPLFYTSIYLYLVYTYHMRVESTIKNELFLLERILIVPIIILPPVALGILAMVSRAEDSKDHKSGSTEEYPYDYLLYYPAIKCSTCRIVKPARSKHCSICNRCVLVADHHCIWINNCIGKGNYLQFYLFLISNIFSMCYAFLRLWYISLNSTSTLPRAVLTLTILCGCFTIICAIFTYLQLAIVKEGMTTNEQDKWYTIQEYMREGKLVRSLDDDCPSWFFKCTEQKDDAAEPLQDQHVTFYSTNAYDHKHYNLTHYITIKDASEIPNIYDKGTFLANLTDLI	336	39312	7.09	35.6522979585973
101	AVO2	Q04749	AVO2	MLKEPSVRLREAIIEGNLLIVKRLLRRNPDLLTNIDSENGWSSLHYASYHGRYLICVYLIQLGHDKHELIKTFKGNTCVHLALMKGHEQTLHLLLQQFPRFINHRGENGRAPIHIACMNDYYQCLSLLIGVGADLWVMDTNGDTPLHVCLEYGSISCMKMLLNEGEVSLDDNVRDKGNWKPIDVAQTFEVGNIYSKVLKEVKKKGPPLGAGKKPSSFRTPILNAKATFEDGPSPVLSMNSPYSLYSNNSPLPVLPRRISTHTTSGNGGNRRSSITNPVFNPRKPTLSTDSFSSSSNSSSRLRVNSINVKTPVGVSPKKELVSESVRHSATPTSPHNNIALINRYLLPNKSNDNVRGDSQTATINDDGGGGNGGDATIGMGLRKDPDDENENKYKIKVNNGEPRRRVSLLNIPISKLRNSNNTRAED	426	47139	9.39	
102	DYN3	Q04949	DYN3	MDNCNAWDKLLSQNESTINSTETATITAIIYSPSSKTLHQFINICFPEGSNSILDTTLINYATIGWTNDLKENYSVDVYTLIRNTDDALDLLKPFLQEHSSKVRWLILLDWTLNDQKLWLNELSYAFNKIKQLNDDNEFSVWCLNSGEILNLQRHTTVWQSVHIDFILQTLRSFCYFNDSSLFYICEDHTEEKREEAQRLKYQELLKHFCEDRDMKDHIEMVKRSEILIPKGCDSIGLIKTVDERFEPTEVKEQHFLARYMDFIPTIDKIREDRKTTSGIDLDKLYPLEVFKVNIQEELGKMFAKYRENSRI	312	36825	5.03	118.659541885908
103	SPH1	Q06160	SPH1	MISSELTNDQIIDLISDYKNFKRIIEASVPEDDRRRNQNRQNRNKDLTKLSNVQFWQLTTDVNDELMKRLTDSGADASLNDLDLKRGKAQSKLSRLKDAKFHKLILDIFTEIERRNLHHLDMGTHNNGLDEGDLNFYLNDTLFESFKINDDFMSVNGIISIEVFRELKTQFTLYFQNTLHRIDPVDTTTTRLPILLETIIKIAKLIGDLLPVLSSVSLQSSLENEIVYLKSALSHAITSTRYFLTYGDLIPRIVAQSSISEVIFAFCNIAQIVKIKSTSRDDISRNEGELSDIEAGMKPLKIIEKVKNEKNGKDISSLGDSGSTAVSFPSSGKPITKKSDMPVVVASPSISIIEKSESSIRESGKVRNNTSGETNLASVSPLKNTKNSSRITSEPSPREGLPLKVVSNSRSPSPQGNTLPLIGKFRQDYQASPPKKVITKPVAETAKPYANIPPAADVLYSPTVTKMRKFREKVQKFAPNSGLGLRISTSEENLNNSDVNSTTHNANINNLVEFVESKSMVVLPMAQGILNDVQASKSKLFKSARSVSRLCQNSIEIIPILESVIDMTTKAMVQKSFKLDLGEHCKEIIERLTDCSQKLSELCTYGCDSTKLGKKRFYQKLADILMEVTKRTRELVECVKMANRQTLSQDLSSFFNYRSVQ	661	74007	9.02	
104	GIC2	Q06648	GIC2	MTSASITNTGNETMNLPQMRSIWLDEDEEAEKLYGLQAQQFMGSDDEENLGITFINSDKPVLSNKKNIELPPLSPNSHPSCHHRRSNSNSAKSKESSSSSSSANKTNHKKVFLKLNLLKKKLLGAQPDIRGKGISTPFDFQHISHADTRNGFQDEQLQEPSSLSTEIKDDYTSSSSKRDSKSLNKAFVTERIPANRESKLISRSHENKTSRLSVARSISVTSSNYSKNTQGNNHSINGRVVSTSTMATSIFEYSPNASPKQFKNKSHALGHRYTNSTDSSESSLDFLKNYNFPTLLEDKPILDFLPRSQRSSAYRSLLETPNSNKDSAKAFFPSRQSPLPKRRNSIATPSPQSKFSYSDSPVNHRKSFDDVLYSFNQLEPLQT	383	42852	9.48	198.975180693816
105	LDB18	Q07887	LDB18	MPGLKLVEALEYRCDRLERLIGAGYSANSDVSVQLDELYNQLHRLYFQGLKYSQDLLQLFNTFMAEDIENVGAPDDICIFASCFDDIYTLYSAFDELNSQYMEFCQISKSSLDQISFKDANIETKQLKKLPELVDNCNIMILRSIAILNRFIDWNIEVNGFFQFQKKRLLNLQKVIYST	179	20847	4.66	
106	BUD28	Q07992	BUD28	MNLFFVFFFVFFWSDLVEGQSVFVGLGRDKSDPVSQLVLLQVLLCQVLQVLTRELGSGNNSNNGTIFSDSDSVTQVTDSTFDLDVVDQVLSVGSWVEDTVFSWRRDIDGKGLGNLLLSGSLYQKN	125	13880	4.09	
107	NBA1	Q08229	NBA1	MSEEREENGISRATLNTQRLSAMIDSLNNEKDDRLFPSPTTTRTMITEEKADQSDVFKPPSRLLRSPAGDVSLPPGDNRSSMISNYSGIIQEGVEVSYVVKNRQQTQERRTSKDSNSLYSLKEPVSKNELPSLPMLPSEATLTKHLSDNQSTKSNTNADEIVIKPVTNAKPVGRFNSNTSKKVEGRGSLKLLSSPLRQEKVMRSSIGSGNLASESGSSTYNTKFHQSIQEQLEEEEEGNVSDKLSIVSSVIPELYTTTNEAPKAINPIRSETNDYNPTIPPRSKDRPRSRLFIEEGDGEGDLLTEEILPTPVQPGGHYKNSSQISTVSEQKSESYYSAATSMPPEEETYLTRPLPSTPNEDSRVTSNLKRDDTLKAIHDRANHTSTSTNKQDDDMYEDIIEETPKKTKLKKDTKKKLNKKKSVKELRSFDIDTLNQLLSVTKGTLIGSEFAQLGMKIEEKRALERLVDSLSRLTADMVLDPDRYEEGLKRLDKATKALEGF	501	55923	5.65	604.549044071399
108	THP1	Q08231	THP1	MDMANQLLDELAHGNFSHLTLNLSQNGREIAILQKQLTGFDDKQLETFVEQHPAMPNDTRFKIMCTSFLNYARDVDPWSAWSSSDLIFEFYQCLINCLINDNAPHIEMLIPVATRETEFIINLAGKLDSFHLQLHTRSHQFLSHISSILSRLFNSIKPPRGNASSTNIPGKQRILLYLVNKLNNIYFRIESPQLCSNIFKNFQPKSMLAHFNEYQLDQQIEYRYLLGRYYLLNSQVHNAFVQFNEAFQSLLNLPLTNQAITRNGTRILNYMIPTGLILGKMVKWGPLRPFLSQETIDNWSVLYKHVRYGNIQGVSLWLRQNERHLCARQLLIVLLEKLPMVTYRNLIKTVIKSWTTEWGQNKLPYSLIERVLQLSIGPTFEDPGAQEITIYNGIHSPKNVENVLVTLINLGLLRANCFPQLQLCVVKKTTMIQEIVPPVNERITKMFPAHSHVLW	455	52678	8.93	14.4867369112842
109	AVO1	Q08236	AVO1	MDTVTVLNELRAQFLRVCPEKDQMKRIIKPYIPVDEFNTEQCLDSSIRELYMNSDGVSLLPELESPPVSKDFMENYASLGKMRIMRENEGQKGKANQNLIGAEKTERDEEETRNLQDKSAKNTLIVEENGTLRYNPLNSSASNSLLNDDDHTSGKHHKTSSKEDSYLNSSMEMQKKSSKRSSLPFVRIFKSRRDHSNTSGNKNVMNTTNTRAKSSTLHPPGARHNKKGSKFDMNFDFDENLEEEDDDDDDDEEGDDIHSQFFQLDDDFDAKGSGASPAHKGINGMSNNKNNTYTNNRNSISILDDRESSNGNIGSASRLKSHFPTSQKGKIFLTDNKNDGQKSDSLNANKGIHGDGSSASGNGSVSRDGLTETESNNISDMESYINEKDLDDLNFDTVTSNINKTVSDLGGHESTNDGTAVMNRDSKDSRSNSNEFNAQNRDRITPGSSYGKSLLGSEYSEERYSNNDSSTMESGEMSLDSDMQTNTIPSHSIPMSMQKYGIYHGDDDSTLNNVFDKAVLTMNSSRHPKERRDTVISGKEPTSLTSSNRKFSVSSNLTSTRSPLLRGHGRTSSTASSEHMKAPKVSDSVLHRARKSTLTLKQDHSQPSVPSSVHKSSKEGNILIEKTTDYLVSKPKASQLSNMFNKKKKRTNTNSVDVLEYFSFVCGDKVPNYESMGLEIYIQASKKYKRNSFTTKVRKSSTIFEVIGFALFLYSTEKKPDNFEEDGLTVEDISNPNNFSLKIVDEDGEPFEDNFGKLDRKSTIQSISDSEVVLCKVDDAEKSQNEIETPLPFETGGGLMDASTLDANSSHDTTDGTINQLSFYKPIIGNEDDIDKTNGSKIIDVTVYLYPNVNPKFNYTTISVLVTSHINDILVKYCKMKNMDPNEYALKVLGKNYILDLNDTVLRLDGINKVELISKKDARELHLEKMKPDLKKPVLPTIQSNDLTPLTLEPLNSYLKADAGGAVAAIPENTKVTSKAKKISTKYKLGLAKQHSSSSVASGSVSTAGGLANGNGFFKNKNSSKSSLHGTLQFHNINRSQSTMEHTPDTPNGVGDNFQDLFTGAYHKYKVWRRQQMSFINKHERTLAIDGDYIYIVPPEGRIHWHDNVKTKSLHISQVVLVKKSKRVPEHFKIFVRREGQDDIKRYYFEAVSGQECTEIVTRLQNLLSAYRMNHK	1176	131379	6.25	77.0478819746392
110	BUD7	Q08754	BUD7	MITQNSIPEVKEDFIGYALHERRIRLPQFQDLGPADLVTLTKYLPTSSNTNAINSTSRNGAAIIQSPAAVVADDSAASMATNGDASDTAVTTNYTNASIYSSSRNANDGAPMVAELHPLDKLKDEVGTFFYSMGVDTSGPTSIAIFLKEISEVISEKPQVWFGRKKTFNVARISFSTWNAFRRCDINVVVHIPGSIQNFIVDCNGESQNIEMCADYDLIWAETFVSGVVRSIMLMKENAEEGELQNLVETLILNPFTAGQIDDVPEMFIDLFPIVYHKGPLLGAPYYITNVTNTNNYLVETLVEIVKLTRNVSRAEIMLKNLATDNPEAIIILIKIFLVCDQELDAIKLTYDMLSQDKIINNTNNRMDYKSELLCLQAQFLIDKRQDYSLAQNIAQEAVNCSPSEFRPWYLLSKVYVKLNDIENALLILNSCPMSPLKEKYVLKRVAPLPSNNSLHLPLPIDVVLDEVTSLNPQDVQNEHRSADPMLVNLAASNLKSTFQLAYRLLTEIVQITGWENLLKYRSNIFVMEEEYQKSSSSLPKDVNKQEEQPLRAKRLCERWLDNLFMLLYEDLKMYTLWQTEQLYMDAQNNNHNKLTFEWELFGLCARRLGHFPEAAKAFQNGLSQRFSSRCARKLLEYCINERQRVKNFINSPNSHDMVPEIVSSRIRELDNSIIDLCVKICCWNHRWYTEFSISLLDCLSVVIQDMSLTKVSNEISSRYPETVLNLVQENLLNFFTTCTIGCYDA	746	84830	5.04	104.247965635587
111	YOR300W	Q08756		MKSRQDIQKLFSTWCRRICSISSLLAPLDATMHKYDKKTLIRIYNPKKIGDTLQRCVKLLGHFKENPAYINTEQCWLCNFAARRHSRKNIRVSRMRAKRKYQ	102	12216	10.45	
112	RAX1	Q08760	RAX1	MKEELSKVSSMQNFEMIQRERLPTLYEVLIQRTSQPVDLWTFYTFLSQFPYAINYLDFWVDLMTHTRLCKNYIELVRKSLINFPQEQQQNGSTSTATFDLLNALIEEGHLDPEAPDKLLENSGPDVPFSPKLNELLGDWKHQSGIGQEALRNEDVALIVDEIMKRRSQQDGKPQITTKQLLHSAVGLCNTYLVSPEQSERYLSNIPMETRNRIIESVQIERKYDIEIFDDLKNLTYQFLEMDCFPKFLSRVALHNIHDEISDWRFHSVGVTNEKSNRSRGQTHISRSPFSNHTSISRIGFGLLWLGIGFWIGYVLIFLAYSRAIRVVTVVPFTLGCYCIVCGMYQVDIVYSWFGVTQRLLHRHKNAGNDEGDASSDTDHVPMILAVFGGRRRLTRIEHPFTRQLLRKRGLWCLLLVVGATAAFTVIFSCVPGRRV	435	50161	6.9	193.892568899357
113	SRO7	Q12038	SRO7	MFGSKRLKNVKEAFKSLKGQNSETPIENSKASFKSKNSKTSTISKDAKSSSSLKIPISSNNKNKIFSLAETNKYGMSSKPIAAAFDFTQNLLAIATVTGEVHIYGQQQVEVVIKLEDRSAIKEMRFVKGIYLVVINAKDTVYVLSLYSQKVLTTVFVPGKITSIDTDASLDWMLIGLQNGSMIVYDIDRDQLSSFKLDNLQKSSFFPAARLSPIVSIQWNPRDIGTVLISYEYVTLTYSLVENEIKQSFIYELPPFAPGGDFSEKTNEKRTPKVIQSLYHPNSLHIITIHEDNSLVFWDANSGHMIMARTVFETEINVPQPDYIRDSSTNAAKISKVYWMCENNPEYTSLLISHKSISRGDNQSLTMIDLGYTPRYSITSYEGMKNYYANPKQMKIFPLPTNVPIVNILPIPRQSPYFAGCHNPGLILLILGNGEIETMLYPSGIFTDKASLFPQNLSWLRPLATTSMAASVPNKLWLGALSAAQNKDYLLKGGVRTKRQKLPAEYGTAFITGHSNGSVRIYDASHGDIQDNASFEVNLSRTLNKAKELAVDKISFAAETLELAVSIETGDVVLFKYEVNQFYSVENRPESGDLEMNFRRFSLNNTNGVLVDVRDRAPTGVRQGFMPSTAVHANKGKTSAINNSNIGFVGIAYAAGSLMLIDRRGPAIIYMENIREISGAQSACVTCIEFVIMEYGDDGYSSILMVCGTDMGEVITYKILPASGGKFDVQLMDITNVTSKGPIHKIDAFSKETKSSCLATIPKMQNLSKGLCIPGIVLITGFDDIRLITLGKSKSTHKGFKYPLAATGLSYISTVEKNNDRKNLTVIITLEINGHLRVFTIPDFKEQMSEHIPFPIAAKYITESSVLRNGDIAIRVSEFQASLFSTVKEQDTLAPVSDTLYINGIRIPYRPQVNSLQWARGTVYCTPAQLNELLGGVNRPASKYKESIIAEGSFSERSSDDNNANHPEHQYTKPTRKGRNSSYGVLRNVSRAVETRWDAVEDRFNDYATAMGETMNEAVEQTGKDVMKGALGF	1033	114513	8.57	433.191305613895
114	CHS5	Q12114	CHS5	MSSVDVLLTVGKLDASLALLTTQDHHVIEFPTVLLPENVKAGSIIKMQVSQNLEEEKKQRNHFKSIQAKILEKYGTHKPESPVLKIVNVTQTSCVLAWDPLKLGSAKLKSLILYRKGIRSMVIPNPFKVTTTKISGLSVDTPYEFQLKLITTSGTLWSEKVILRTHKMTDMSGITVCLGPLDPLKEISDLQISQCLSHIGARPLQRHVAIDTTHFVCNDLDNEESNEELIRAKHNNIPIVRPEWVRACEVEKRIVGVRGFYLDADQSILKNYTFPPVNEEELSYSKENEPVAEVADENKMPEDTTDVEQVASPNDNESNPSEAKEQGEKSGHETAPVSPVEDPLHASTALENETTIETVNPSVRSLKSEPVGTPNIEENKADSSAEAVVEEPNEAVAESSPNEEATGQKSEDTDTHSNEQADNGFVQTEEVAENNITTESAGENNEPADDAAMEFGRPEAEIETPEVNESIEDANEPAEDSNEPVEDSNKPVKDSNKPVEDSNKPVEDSNKPVEDSNKPVEDANEPVEDTSEPVEDAGEPVQETNEFTTDIASPRHQEEDIELEAEPKDATESVAVEPSNEDVKPEEKGSEAEDDINNVSKEAASGESTTHQKTEASASLESSAVTEEQETTEAEVNTDDVLSTKEAKKNTGNSNSNKKKNKKNKKKGKKK	671	73639	4.5	4762.82934469428
115	MSB4	Q12317	MSB4	MIMSSTMSTEAALVPNESVFDTVSSFNEDDANYSVLDLYDDDDEGDDSSTVERKEILTTRELEKAKAFTSLIMADPENFDRYGFSKKGYFISQEEYDKWWTEYNRYTERRKKKWENFLLKNKIELHNDNPLVYPARTDELSKFVRKGIPAEWRGNAWWYFAGGQRQLDANVGVYDRLKSDCREGAVSGKDMEAIERDLYRTFPDNIHFHKESFQNGEPAIIRSLRRVLMAFSVYDKTIGYCQSMNFLVGLLLLFMEEEKAFWMLVIITGKYLPGVYESDLEGANVDQGVLVLCIKEYLPEIWSHIESSYMNGNGSTDQISGPASGEEYLCRLPTLTLCTASWFMSCFVGVVPIETTLRIWDCLFYEESHFLFKVALGILKLSESEFLESKSQKLFRQYSSYTFGGSNDSDSTFKRLKNKIKTQEEADMEILQVIQNFPKRLLNPNDIFEKVLMKKKVALNGITQEKIDRGREYVAMARNRQRASSRPKERRK	492	57093	5.39	77.3418832117474
116	OSH2	Q12451	OSH2	MSREDLSIAEDLNQVSKPLLKVKLLEVLGQGDFKHLKALVDNEFQPKDDPSVQQVLNLILHYAVQVAPILLIKEIVAHWVDQVGDEKSSSKSDDGIHLDLNYQDENGNTPLHLAAAQSRSDVISFLLSQKSINDCVKNKAHQQPLDMCKDLNVAQMIQLKRDDYFLETVHSLRAAMNKRDFSKLDSIWKNPRNLNLLDINGIDPETGTTLLYEYSQKKDIEMCQWLLKHGAEATVKDGKGRSPLDLVKNIKLPAKPSNNVTPEIKLKNLLEKNLREQAIVHEDVASSKPPTYKGFLKKWTNFAHGYKLRWFILSGDGNLSYYKDQSHVDRPRGTLKVSTCRLHIDSSEKLNFELLGGITGTTRWRLKGNHPIETTRWVNAIQSAIRFAKDKEILNKKKAVPPSLALKNKSPALISHSKTQGSLPEASQYYQHTLHKEVIQPSSVSLYRRPSNNLSVVSSEIQLNDNLTESGKRFVSKMIENRLDGSKTPVGVHTGSALQRVRSSNTLKSNRSMQSGSGVASPIDKVPNGANLSQSNTTTGSTASLSDNNYIDNFEGDEANSDDEEEDLGINFDRDEEYIKAQYGPYKEKLDMYEQAISIELSSLIELIEQEEPSPEVWLTIKKSLINTSTIFGKLKDLTYKRDKRLVDMVSKQGDVNNVWVQSVKELEMELSNKTERLASIDKERRGLKKILHKKLLESHATAGNKESLENDKEQESDTTASTLGQIAKFISATKEEDEASDADEFYDAAELVDEVTELTEAHPEISTAAAPKHAPPPVPNETDNDSQYVQDEKSKIESNVEKTSQKFEKQNNLVTEDEPKTDQSLKNFKAEDKESQVKEKTKEIASSVIGEKTIVAVTTVQKRKEEYLLKEGSYLGYEDGIRKRLSMDKDDRPKISLWAVLKSMVGKDMTRMTLPVTFNEPTSLLQRVAEDLEYSELLDQAATFEDSTLRTLYVAAFTASSYASTTKRVAKPFNPLLGETFEYSRPDKQYRFFTEQVSHHPPISATWTESPRWDFWGESFVDTKFNGRSFNVKHLGLWHIKLRPNDNEKEELYTWKKPNNTVIGILIGNPQVDNHGEVNVVNHTTGDHCKLYFKARGWRSSGAYEITGEVYNKKKQKVWILGGHWNEAIFAKKVVKDGDLSLEKTRTAASAGNGPTDDGTKFLIWKANDRPEEPFNLTPFAITLNAPQPHLLPWLPPTDTRLRPDQRAMEDGRYDEAGDEKFRVEEKQRAARRKREENNLEYHPQWFVRDTHPITKAKYWRYTGKYWVKRRDHDLKDCGDIF	1283	145796	6.37	849.740081443645
117	RAX2	Q12465	RAX2	MFVHRLWTLAFPFLVEISKASQLENIKSLLDIEDNVLPNLNISQNNSNAVQILGGVDALSFYEYTGQQNFTKEIGPETSSHGLVYYSNNTYIQLEDASDDTRIDKITPFGVDSFILSGSGTINNISVGNQILYNLSTLSMTPIFNQSLGAVQAVLADNSSIYFGGNFSYNNGSMTGYSALIWDSISNTTQLLPFGGFGENSSVNSIVKLNNDNILFAGQFYTLDDPSALISSSNNGTNSTSSLNATTLELGQRIPLRYASWDSQGSTTFASDSLVCPNTNEDAWLYPDTSGSLVCNLPYEVSPTKIRLYNSQRSDSEISVFQILTDPSSSIMNLTYLDPLSGELKNCGEFCPLYSRATLLSASQNVSSSMDMITFIDNNKTDVKWTSDFQDFAFVNELPVSSLKFVALNSYGGSVGLSGLELYQDTFSTYANDSLNEYGCSALTNDSSSSTLSSNDWYNGLTGESYIAAKYVPDQNEPIPRVKFYPNIIHPGHYTINMYTPGCLQDNTCSARGIVNVTMWNQQNNTIMKTYLIYQNNDNLKYDQIYSGYLDFSPEIVLEYVSGIYTTNTATVVVADQVNVITVSLDAFNTLSDSSNAKKETLLNGILQYQKSNFTSTRLNETKVGNTTLNLFPVKNYPKNSSLYADIYDNKLVIGGVSNRISIVDLNDDFEVTSSKNQTIQGDVHGITKTNQGLLIFGDILSSNNQSAVFLFNGSFENVFNQSRTVNSALNISLANNDFIVLDNDYVVNASSNALIRNSSSFSLSLWAAGNNGDGDVLFSGAVSHMQYGNLNGSVRFLNENEIEPLNLEGGIVPYLGAYLNESATAYAYEVDSLNKIYFSNEVYPSWNWSSGITQMLYADNQTLLAVSAGSSTTAELSIFDLRNLTMIANETLGSNARINALVNFEKNCSMLVGGDFQMTEPNCTGLCLYNYESKTWSTFLNNTIFGEITQLSFTNSSELIISGLFETKEYQSIRLGSFNLTNSTMIPLLSGSEGKLNSFTVTEDSIVAWNDTSLFIYRNQEWNITSLPGNASSISSVSAIYTDIESNTLNKRGINNVNNGSILLLNGNFNISQYGYLQSLLFDFQKWTPYFISETTNTSNYNPIIFINRDVSTEFNSQSPLANVNITVTSPQSTSSQPPSSSASSESKSKSKKKKIGRGFVVLIGLALALGTVSVLGIAGVILAYVFKDPEGDYKPIKPRIDENEMLDTVPPEKLMKFV	1220	133959	4.43	66.2986254443144
118	PCL9	Q12477	PCL9	MISDYDALLQFNKKPVSQEMIQFLATSTASIIKIRENNNPIQGCRPPDLSIFIKNVVIQSNVQTPTLMATSVYLNKLKSVIPKNVYGINTTRHRIFLGCLILAAKTLNDSSPWNKHWTTYTEGLLRIREVNTIERELLEYLNWDVRITTPDLIDSLSYFLGPIKEQLFLQRRQEMLLFNAPSPGQLKEYINHRRPVSHSRTSSAISVPSLTSMATVSTTDSRSSLLAKYQPSLPLVESDNFNKKNHVPLRNNNDICNNFRAEENIHSVNHIDVTMGSSPVMSHKPTIHQRLNFTRRGWSSFFKQ	304	34798	9.65	
119	DNF2	Q12675	DNF2	MSSPSKPTSPFVDDIEHESGSASNGLSSMSPFDDSFQFEKPSSAHGNIEVAKTGGSVLKRQSKPMKDISTPDLSKVTFDGIDDYSNDNDINDDDELNGKKTEIHEHENEVDDDLHSFQATPMPNTGGFEDVELDNNEGSNNDSQADHKLKRVRFGTRRNKSGRIDINRSKTLKWAKKNFHNAIDEFSTKEDSLENSALQNRSDELRTVYYNLPLPEDMLDEDGLPLAVYPRNKIRTTKYTPLTFFPKNILFQFHNFANIYFLILLILGAFQIFGVTNPGFASVPLIVIVIITAIKDGIEDSRRTVLDLEVNNTRTHILSGVKNENVAVDNVSLWRRFKKANTRALIKIFEYFSENLTAAGREKKLQKKREELRRKRNSRSFGPRGSLDSIGSYRMSADFGRPSLDYENLNQTMSQANRYNDGENLVDRTLQPNPECRFAKDYWKNVKVGDIVRVHNNDEIPADMILLSTSDVDGACYVETKNLDGETNLKVRQSLKCSKIIKSSRDITRTKFWVESEGPHANLYSYQGNFKWQDTQNGNIRNEPVNINNLLLRGCTLRNTKWAMGMVIFTGDDTKIMINAGVTPTKKSRISRELNFSVILNFVLLFILCFTAGIVNGVYYKQKPRSRDYFEFGTIGGSASTNGFVSFWVAVILYQSLVPISLYISVEIIKTAQAIFIYTDVLLYNAKLDYPCTPKSWNISDDLGQIEYIFSDKTGTLTQNVMEFKKCTINGVSYGRAYTEALAGLRKRQGVDVESEGRREKEEIAKDRETMIDELRSMSDNTQFCPEDLTFVSKEIVEDLKGSSGDHQQKCCEHFLLALALCHSVLVEPNKDDPKKLDIKAQSPDESALVSTARQLGYSFVGSSKSGLIVEIQGVQKEFQVLNVLEFNSSRKRMSCIIKIPGSTPKDEPKALLICKGADSVIYSRLDRTQNDATLLEKTALHLEEYATEGLRTLCLAQRELTWSEYERWVKTYDVAAASVTNREEELDKVTDVIERELILLGGTAIEDRLQDGVPDSIALLAEAGIKLWVLTGDKVETAINIGFSCNVLNNDMELLVVKASGEDVEEFGSDPIQVVNNLVTKYLREKFGMSGSEEELKEAKREHGLPQGNFAVIIDGDALKVALNGEEMRRKFLLLCKNCKAVLCCRVSPAQKAAVVKLVKKTLDVMTLAIGDGSNDVAMIQSADVGVGIAGEEGRQAVMCSDYAIGQFRYVTRLVLVHGKWCYKRLAEMIPQFFYKNVIFTLSLFWYGIYNNFDGSYLFEYTYLTFYNLAFTSVPVILLAVLDQDVSDTVSMLVPQLYRVGILRKEWNQTKFLWYMLDGVYQSVICFFFPYLAYHKNMVVTENGLGLDHRYFVGVFVTAIAVTSCNFYVFMEQYRWDWFCGLFICLSLAVFYGWTGIWTSSSSSNEFYKGAARVFAQPAYWAVLFVGVLFCLLPRFTIDCIRKIFYPKDIEIVREMWLRGDFDLYPQGYDPTDPSRPRINEIRPLTDFKEPISLDTHFDGVSHSQETIVTEEIPMSILNGEQGSRKGYRVSTTLERRDQLSPVTTTNNLPRRSMASARGNKLRTSLDRTREEMLANHQLDTRYSVERARASLDLPGINHAETLLSQRSRDR	1612	182619	5.84	236.081923955234
120	AFI1	Q99222	AFI1	MLRRELNNSISNRSIENESFPFERPNVSYIISAEFDNKLGPILKHQYPKDIPGFNQFSHEQRNGNTSVSMNLASLMIPSSIERNPGKQDITVFTLYYNKFTQNYQLFPVPKDPRFSFNLHHREQSDGSVTNSIYYDAENHQDAKNNRYTIVLEDDELECQEVQNNQKAIDNEPLFFINVANTVLDTTNDRGAVIKSIAIGTPLKTFFAFKNIIVLVLDLYMKAPTQAAATDILLDCFNMLNSIDLTLINDIHSKSSIQEVLHSIHDESIITKVFLDPDSTLKKLFCINGFDTKDKYGNIVTFHDQLIQYHFTRFQPKTLPPFLLKIPLQFNMIRREPIYIENDYNELVLKFLDKFVPYLLKAGQKVNAWKLVINSTKLSKEDLCAFILSLANITATYASDPQSYFKGNAALIFPYMDISLVDGLRAYVASNSDFVGCFAIIGTANPIFRYQLDIWDYYYDVDEGVFYENNSPEKEKPDTVAEVKIGPNPLRKIFNRPHFSTNAVNESQVNLGQKLFSLLIDEYHDSDTIMSVLRRLNVLQLENLLDALKRREIPPNIALKDEYIMFYKDFFIFPEFFDYFTLHSIELLSNLDNCLFSLGNTCQLFSTEQIYSQLSQILDIVKELFRMVSVSRTNIEKFLNACLNYSPFKILPTAQLHGDNISRWSFESEVRQGFDNFNSYMGIEKDPHGVIVSAIDLFTQIYSFDILAFFLTFITKESGQDLPFTKSLSRRRTYLTRIAQSSSLRQFLQLSTRPNIRILGGNGQGTGNSNYPEFTNASSVISPKLRASPLLERRASKICYAITKLLYRLECHPIGMALLKKYLHNQLREAYLESKRHFISKKGDSTNTSSTIASSSFAGASVPLSSNESGMLNGLKQINEQQESTLETTQKED	893	102250	5.97	5.81993015508251
